SALE TYPE,SOLD DATE,PROPERTY TYPE,ADDRESS,CITY,STATE OR PROVINCE,ZIP OR POSTAL CODE,PRICE,BEDS,BATHS,LOCATION,SQUARE FEET,LOT SIZE,YEAR BUILT,DAYS ON MARKET,$/SQUARE FEET,HOA/MONTH,STATUS,NEXT OPEN HOUSE START TIME,NEXT OPEN HOUSE END TIME,URL (SEE https://www.redfin.com/buy-a-home/comparative-market-analysis FOR INFO ON PRICING),SOURCE,MLS#,FAVORITE,INTERESTED,LATITUDE,LONGITUDE
MLS Listing,,Townhouse,25 Mcaker Ct #107,San Mateo,CA,94403,1248000,3,2.5,SAN MATEO,1318,,1993,1,947,435,Active,December-17-2022 01:30 PM,December-17-2022 04:00 PM,https://www.redfin.com/CA/San-Mateo/25-McAker-Ct-94403/unit-107/home/181103152,MLSListings,ML81914968,N,Y,37.547629,-122.310319
MLS Listing,,Single Family Residential,1823 Hillman Ave,Belmont,CA,94002,2488000,5,3.5,BELMONT,3370,5800,1978,1,738,,Active,December-17-2022 01:00 PM,December-17-2022 04:00 PM,https://www.redfin.com/CA/Belmont/1823-Hillman-Ave-94002/home/1999052,MLSListings,ML81914967,N,Y,37.5240129,-122.2927461
MLS Listing,,Townhouse,25 Mcaker Ct #130,San Mateo,CA,94403,1148000,3,2.5,SAN MATEO,1318,,1993,1,871,435,Active,December-17-2022 01:30 PM,December-17-2022 04:00 PM,https://www.redfin.com/CA/San-Mateo/25-McAker-Ct-94403/unit-130/home/181103164,MLSListings,ML81914965,N,Y,37.547629,-122.310319
MLS Listing,,Single Family Residential,40281 Cottage Rose Ter,Fremont,CA,94538,1485000,4,3.5,FREMONT,2036,2128,2009,1,729,121,Active,December-17-2022 01:00 PM,December-17-2022 04:00 PM,https://www.redfin.com/CA/Fremont/40281-Cottage-Rose-Ter-94538/home/17183926,MLSListings,ML81914604,N,Y,37.5347573,-121.9740382
MLS Listing,,Condo/Co-op,96 Rancho Dr Unit B,San Jose,CA,95111,499888,2,2.0,SAN JOSE,918,,1983,1,545,395,Active,December-17-2022 01:00 PM,December-17-2022 04:00 PM,https://www.redfin.com/CA/San-Jose/96-Rancho-Dr-95111/unit-B/home/899988,MLSListings,ML81914957,N,Y,37.2820957,-121.8368232
MLS Listing,,Single Family Residential,10921 Lakemore Ln,Stockton,CA,95219,530000,4,3.0,Stockton,2149,5602,2004,2,247,80,Active,,,https://www.redfin.com/CA/Stockton/10921-Lakemore-Ln-95219/home/19724642,MetroList,222148440,N,Y,38.0565394,-121.389338
MLS Listing,,Single Family Residential,1513 142Nd Ave,San Leandro,CA,94578,849000,3,2.0,San Leandro,1336,6048,1941,2,635,,Active,,,https://www.redfin.com/CA/San-Leandro/1513-142nd-Ave-94578/home/779464,"bridgeMLS, Bay East AOR, or Contra Costa AOR",41015771,N,Y,37.7136737,-122.1371476
MLS Listing,,Condo/Co-op,5954 Autumnwood Dr Unit 2A,Walnut Creek,CA,94595,1075000,2,2.0,Rossmoor,1923,,1995,2,559,977,Active,,,https://www.redfin.com/CA/Walnut-Creek/5954-Autumnwood-Dr-94595/unit-2A/home/167236870,"bridgeMLS, Bay East AOR, or Contra Costa AOR",41015755,N,Y,37.8490549,-122.0545358
MLS Listing,,Single Family Residential,1620 Beverly Dr,Modesto,CA,95358,295000,2,1.0,Modesto,808,9827,1938,3,365,,Active,,,https://www.redfin.com/CA/Modesto/1620-Beverly-Dr-95358/home/19986798,MetroList,222148547,N,Y,37.6212868,-121.0324574
MLS Listing,,Condo/Co-op,1200 Gough St Unit 11D,San Francisco,CA,94109,795000,1,1.0,San Francisco,900,44676,1966,4,883,995,Active,December-17-2022 02:00 PM,December-17-2022 04:00 PM,https://www.redfin.com/CA/San-Francisco/1200-Gough-St-94109/unit-11D/home/2018213,San Francisco MLS,422711406,N,Y,37.7849434,-122.4242824
MLS Listing,,Single Family Residential,1225 Barrington Ave,Rosamond,CA,93560,340000,3,2.0,ROSA - Rosamond,1322,8213,1992,4,257,,Active,December-17-2022 11:00 AM,December-17-2022 03:00 PM,https://www.redfin.com/CA/Rosamond/1225-Barrington-Ave-93560/home/69842311,CRISNet,SR22254928,N,Y,34.877943,-118.1532051
MLS Listing,,Single Family Residential,303 Del Norte St,Stockton,CA,95203,150000,3,1.0,Stockton,1132,6599,1959,9,133,,Active,,,https://www.redfin.com/CA/Stockton/303-Del-Norte-St-95203/home/19798719,MetroList,222147346,N,Y,37.9449726,-121.3168327
MLS Listing,,Condo/Co-op,145 Gardenside Dr #9,San Francisco,CA,94131,855000,2,1.5,San Francisco,1033,38735,1981,9,828,823,Active,December-18-2022 02:00 PM,December-18-2022 04:00 PM,https://www.redfin.com/CA/San-Francisco/145-Gardenside-Dr-94131/unit-9/home/1486339,San Francisco MLS,422711287,N,Y,37.7543197,-122.4449102
MLS Listing,,Townhouse,1840 Vender Way,Antioch,CA,94531,499000,3,2.5,Antioch,1267,2601,1996,11,394,120,Active,December-18-2022 01:00 PM,December-18-2022 04:00 PM,https://www.redfin.com/CA/Antioch/1840-Vender-Way-94531/home/1080548,BAREIS,322102742,N,Y,37.96849,-121.7915291
MLS Listing,,Single Family Residential,423 Lisa Ann St,Bay Point,CA,94565,459000,3,2.0,Bay Point,1063,3200,1986,12,432,,Active,,,https://www.redfin.com/CA/Bay-Point/423-Lisa-Ann-St-94565/home/1118995,"bridgeMLS, Bay East AOR, or Contra Costa AOR",41015273,N,Y,38.0287872,-121.9551099
MLS Listing,,Single Family Residential,51 Brewster St,San Francisco,CA,94110,1499000,3,2.0,San Francisco,1200,1750,1958,12,1249,,Active,December-18-2022 02:00 PM,December-18-2022 04:00 PM,https://www.redfin.com/CA/San-Francisco/51-Brewster-St-94110/home/757236,San Francisco MLS,422710806,N,Y,37.7456331,-122.4065621
MLS Listing,,Single Family Residential,5008 Union Mine Dr,Antioch,CA,94531,985000,7,4.0,Black Diamond Es,3859,9050,1997,13,255,,Active,,,https://www.redfin.com/CA/Antioch/5008-Union-Mine-Dr-94531/home/1618665,"bridgeMLS, Bay East AOR, or Contra Costa AOR",41015255,N,Y,37.9671033,-121.808105
MLS Listing,,Condo/Co-op,1101 S Main St #207,Milpitas,CA,95035,748000,2,2.0,MILPITAS,1058,,2007,14,707,596,Active,December-17-2022 12:00 PM,December-17-2022 02:00 PM,https://www.redfin.com/CA/Milpitas/1101-S-Main-St-95035/unit-207/home/167192868,MLSListings,ML81914234,N,Y,37.4134676,-121.9025407
MLS Listing,,Single Family Residential,63 Glen Park Way,Brisbane,CA,94005,849998,3,1.0,BRISBANE,1180,2500,1938,15,720,,Active,December-17-2022 01:00 PM,December-17-2022 04:00 PM,https://www.redfin.com/CA/Brisbane/63-Glen-Park-Way-94005/home/1167056,MLSListings,ML81914162,N,Y,37.679430532,-122.3987124
MLS Listing,,Single Family Residential,2842 Seadrift Cir,Hayward,CA,94545,1650000,5,3.0,Hayward,2687,6064,2006,15,614,43,Active,December-17-2022 01:00 PM,December-17-2022 04:00 PM,https://www.redfin.com/CA/Hayward/2842-Seadrift-Cir-94545/home/12114472,"bridgeMLS, Bay East AOR, or Contra Costa AOR",41015161,N,Y,37.6085503,-122.0969923
MLS Listing,,Single Family Residential,1272 Castlemont Ave,San Jose,CA,95128,1560000,4,2.0,SAN JOSE,1454,6088,1957,15,1073,,Active,December-17-2022 02:00 PM,December-17-2022 04:00 PM,https://www.redfin.com/CA/San-Jose/1272-Castlemont-Ave-95128/home/1378248,MLSListings,ML81914153,N,Y,37.3022109,-121.9478665
MLS Listing,,Single Family Residential,7086 Hyacinthus Ln,San Ramon,CA,94582,2179000,4,3.5,Gale Ranch,2967,4582,2017,17,734,77,Active,December-18-2022 01:00 PM,December-18-2022 04:00 PM,https://www.redfin.com/CA/San-Ramon/7086-Hyacinthus-Ln-94582/home/95952438,"bridgeMLS, Bay East AOR, or Contra Costa AOR",41015010,N,Y,37.7596839,-121.9110201
MLS Listing,,Single Family Residential,3475 Richmond Ave,Clovis,CA,93619,460000,4,3.0,Clovis,1946,2640,2014,17,236,120,Active,,,https://www.redfin.com/CA/Clovis/3475-Richmond-Ave-93619/home/58371930,FRESNOMLS,587985,N,Y,36.8581609,-119.6461812
MLS Listing,,Condo/Co-op,5025 Woodminster Ln #104,Oakland,CA,94602,550000,2,1.0,Woodminster,1071,7195,1966,18,514,387,Active,,,https://www.redfin.com/CA/Oakland/5025-Woodminster-Ln-94602/unit-104/home/1289338,"bridgeMLS, Bay East AOR, or Contra Costa AOR",41014885,N,Y,37.8116423,-122.197555
MLS Listing,,Single Family Residential,11410 Talladega Ct,Bakersfield,CA,93312,499000,4,2.0,BKSF - Bakersfield,2544,10890,2002,19,196,,Active,,,https://www.redfin.com/CA/Bakersfield/11410-Talladega-Ct-93312/home/60523558,CRMLS,BB22247588,N,Y,35.4167797,-119.1300929
MLS Listing,,Single Family Residential,339 Lannis Ct,Ripon,CA,95366,555000,3,2.0,Ripon,1539,6752,1984,19,361,,Active,,,https://www.redfin.com/CA/Ripon/339-Lannis-Ct-95366/home/19748198,MetroList,222144471,N,Y,37.7372073,-121.1400505
MLS Listing,,Single Family Residential,943 Sunbonnet Loop,San Jose,CA,95125,1498000,3,2.5,SAN JOSE,1949,3046,2000,21,769,129,Active,December-17-2022 02:00 PM,December-17-2022 04:00 PM,https://www.redfin.com/CA/San-Jose/943-Sunbonnet-Loop-95125/home/1449233,MLSListings,ML81913730,N,Y,37.2818015,-121.8793196
MLS Listing,,Single Family Residential,3199 Rialto Ave,Clovis,CA,93619,699000,4,3.0,Clovis,3410,8760,2005,21,205,,Active,,,https://www.redfin.com/CA/Clovis/3199-Rialto-Ave-93619/home/95979403,FRESNOMLS,587877,N,Y,36.8026361,-119.6512561
MLS Listing,,Condo/Co-op,1142 Rivergate Dr #20,Lodi,CA,95240,540000,2,3.0,Lodi,2028,1520,1986,24,266,495,Active,December-17-2022 12:00 PM,December-17-2022 03:00 PM,https://www.redfin.com/CA/Lodi/1142-Rivergate-Dr-95240/unit-20/home/19855083,MetroList,222143988,N,Y,38.1476786,-121.2731846
MLS Listing,,Single Family Residential,5660 Vista Dr,Richmond,CA,94806,1050000,5,3.0,Richmond,2577,10724,2005,25,407,113,Active,,,https://www.redfin.com/CA/Richmond/5660-Vista-Dr-94806/home/2108285,"bridgeMLS, Bay East AOR, or Contra Costa AOR",41014644,N,Y,37.9944539,-122.3444512
MLS Listing,,Condo/Co-op,3660 Knollwood Ter #204,Fremont,CA,94536,489800,2,1.0,FREMONT,936,,1984,25,523,544,Active,December-17-2022 01:00 PM,December-17-2022 04:00 PM,https://www.redfin.com/CA/Fremont/3660-Knollwood-Ter-94536/unit-204/home/1553248,MLSListings,ML81912613,N,Y,37.5627443,-122.0077545
MLS Listing,,Townhouse,611 Avenue One,San Jose,CA,95123,1249800,4,3.5,SAN JOSE,2205,,2016,26,567,389,Active,December-17-2022 01:00 PM,December-17-2022 04:00 PM,https://www.redfin.com/CA/San-Jose/611-Ave-One-Dr-95123/home/95957947,MLSListings,ML81913505,N,Y,37.244288,-121.797482
MLS Listing,,Single Family Residential,1740 Ethan Allen,Brentwood,CA,94513,1098000,5,4.0,Brentwood,3755,9014,2006,29,292,,Active,,,https://www.redfin.com/CA/Brentwood/1740-Ethan-Allen-Dr-94513/home/12122566,"bridgeMLS, Bay East AOR, or Contra Costa AOR",41013862,N,Y,37.9577771,-121.7308784
MLS Listing,,Single Family Residential,2973 Fuchsia Dr,Lodi,CA,95242,764950,5,3.0,Lodi,3187,6064,2018,30,240,,Active,,,https://www.redfin.com/CA/Lodi/2973-Fuchsia-Dr-95242/home/167194716,MetroList,222142382,N,Y,38.1079795,-121.31471
MLS Listing,,Single Family Residential,52114 Redbud Ln,Squaw Valley,CA,93675,475000,2,2.0,Squaw Valley,2035,214750,1996,31,233,,Active,,,https://www.redfin.com/CA/Squaw-Valley/52114-Redbud-Ln-93675/home/58344061,FRESNOMLS,587591,N,Y,36.6846945,-119.0934899
MLS Listing,,Single Family Residential,33448 Gold Dust Ct S,Coarsegold,CA,93614,425000,4,3.0,Coarsegold,2137,171190,2003,34,199,,Active,,,https://www.redfin.com/CA/Coarsegold/33448-Gold-Dust-Ct-S-93614/home/77553300,FRESNOMLS,587476,N,Y,37.2347651,-119.7175146
MLS Listing,,Single Family Residential,2957 Cashew Ct,Antioch,CA,94509,575000,3,2.0,Antioch,1148,5400,1995,36,501,,Active,,,https://www.redfin.com/CA/Antioch/2957-Cashew-Ct-94509/home/1900929,"bridgeMLS, Bay East AOR, or Contra Costa AOR",41014047,N,Y,38.0023956,-121.7638676
MLS Listing,,Single Family Residential,2262 20th Ave,San Francisco,CA,94116,1500000,4,2.0,SAN FRANCISCO,2043,3000,1924,36,734,,Active,December-18-2022 01:30 PM,December-18-2022 04:00 PM,https://www.redfin.com/CA/San-Francisco/2262-20th-Ave-94116/home/1072476,MLSListings,ML81912845,N,Y,37.7455956,-122.4766875
MLS Listing,,Single Family Residential,954 Camborne Dr,Manteca,CA,95336,665000,2,2.5,Manteca,2144,11164,2020,37,310,250,Active,,,https://www.redfin.com/CA/Manteca/954-Camborne-Dr-95336/home/172328268,MetroList,222140505,N,Y,37.812443,-121.204006
MLS Listing,,Single Family Residential,5478 Allison Ln,Richmond,CA,94803,918888,4,3.0,Vista Del Valle,2397,5720,1990,38,383,120,Active,December-18-2022 01:00 PM,December-18-2022 04:00 PM,https://www.redfin.com/CA/Richmond/5478-Allison-Ln-94803/home/1917211,"bridgeMLS, Bay East AOR, or Contra Costa AOR",41013826,N,Y,37.9577435,-122.2847279
MLS Listing,,Single Family Residential,242 W Fountain Way,Fresno,CA,93705,424900,3,2.0,Fresno,1893,9990,1955,38,224,,Active,,,https://www.redfin.com/CA/Fresno/242-W-Fountain-Way-93705/home/72693184,FRESNOMLS,587313,N,Y,36.7814663,-119.8151318
MLS Listing,,Single Family Residential,28857 Bay Heights Rd,Hayward,CA,94542,2250000,5,3.0,Bailey Ranch,3237,8985,2000,38,695,,Active,December-17-2022 01:00 PM,December-17-2022 04:00 PM,https://www.redfin.com/CA/Hayward/28857-Bay-Heights-Rd-94542/home/1570138,"bridgeMLS, Bay East AOR, or Contra Costa AOR",41013753,N,Y,37.649399,-122.018347
MLS Listing,,Single Family Residential,186 Byxbee St,San Francisco,CA,94132,1399000,3,2.0,San Francisco,1899,1873,1959,40,737,,Active,,,https://www.redfin.com/CA/San-Francisco/186-Byxbee-St-94132/home/1760970,San Francisco MLS,422707077,N,Y,37.7177384,-122.4697004
MLS Listing,,Single Family Residential,1450 Davis St,San Jose,CA,95126,1199888,2,1.0,SAN JOSE,1178,10513,1924,43,1019,,Active,,,https://www.redfin.com/CA/San-Jose/1450-Davis-St-95126/home/1011611,MLSListings,ML81912162,N,Y,37.3382211,-121.9307116
MLS Listing,,Single Family Residential,27916 S Fagin Dr,Tracy,CA,95304,1600000,4,3.0,Tracy,2942,43996,1996,43,544,,Active,,,https://www.redfin.com/CA/TRACY/27916-S-FAGIN-DR-95304/home/19752401,MetroList,222138674,N,Y,37.701897,-121.405732
MLS Listing,,Single Family Residential,26157 Adrian Ave,Hayward,CA,94545,875000,3,2.0,Eden Gardens,1244,5040,1959,43,703,,Active,December-17-2022 12:00 PM,December-17-2022 03:00 PM,https://www.redfin.com/CA/Hayward/26157-Adrian-Ave-94545/home/857353,"bridgeMLS, Bay East AOR, or Contra Costa AOR",41013475,N,Y,37.6383925,-122.1032496
MLS Listing,,Single Family Residential,1316 Ninth St,Alameda,CA,94501,1175000,3,2.0,Gold Coast,1649,2190,1895,44,713,,Active,,,https://www.redfin.com/CA/Alameda/1316-9th-St-94501/home/889443,"bridgeMLS, Bay East AOR, or Contra Costa AOR",41013360,N,Y,37.770828,-122.2703291
MLS Listing,,Single Family Residential,766 W Swift Ave,Fresno,CA,93705,380000,3,1.75,Fresno,1765,6351,1998,44,215,125,Active,,,https://www.redfin.com/CA/Fresno/766-W-Swift-Ave-93705/home/96045293,FRESNOMLS,587040,N,Y,36.7964845,-119.8211685
MLS Listing,,Single Family Residential,471 Camellia Ct,Benicia,CA,94510,849000,4,2.0,Benicia,1814,8651,1988,45,468,,Active,,,https://www.redfin.com/CA/Benicia/471-Camellia-Ct-94510/home/2349361,BAREIS,322088993,N,Y,38.0805105,-122.1705915
MLS Listing,,Single Family Residential,120 Villa Ave,San Rafael,CA,94901,2195000,7,5.5,San Rafael,3373,12998,1906,49,651,,Active,,,https://www.redfin.com/CA/San-Rafael/120-Villa-Ave-94901/home/1217183,BAREIS,322090240,N,Y,37.9861403,-122.5240388
MLS Listing,,Townhouse,11295 Los Osos Valley Rd #5,San Luis Obispo,CA,93405,575000,2,1.5,SLO - San Luis Obispo,1125,1125,1980,50,511,450,Active,December-18-2022 01:00 PM,December-18-2022 03:00 PM,https://www.redfin.com/CA/San-Luis-Obispo/11295-Los-Osos-Valley-Rd-93405/unit-5/home/49867075,CRMLS,SC22231913,N,Y,35.259815,-120.6952155
MLS Listing,,Single Family Residential,30 Bishop Rd,Crockett,CA,94525,849000,3,3.0,Crockett,2443,8882,1924,51,348,,Active,,,https://www.redfin.com/CA/Crockett/30-Bishop-Rd-94525/home/1040092,BAREIS,322095516,N,Y,38.0521771,-122.2104534
MLS Listing,,Multi-Family (2-4 Unit),1428 Flora St,Crockett,CA,94525,899000,6,3.0,Crockett,3034,5000,1908,51,296,,Active,,,https://www.redfin.com/CA/Crockett/1428-Flora-St-94525/home/182514933,"bridgeMLS, Bay East AOR, or Contra Costa AOR",41012773,N,Y,38.0518969,-122.225075
MLS Listing,,Condo/Co-op,3322 22nd St,San Francisco,CA,94110,1650000,2,2.0,San Francisco,1238,2508,1900,51,1333,250,Active,,,https://www.redfin.com/CA/San-Francisco/3322-22nd-St-94110/home/17305537,San Francisco MLS,422703706,N,Y,37.7553988,-122.4216475
MLS Listing,,Single Family Residential,7203 Kingston Pl,Dublin,CA,94568,1350000,3,2.5,Ponderosa Villag,2059,4051,1980,52,656,22,Active,,,https://www.redfin.com/CA/Dublin/7203-Kingston-Pl-94568/home/2021317,"bridgeMLS, Bay East AOR, or Contra Costa AOR",41012627,N,Y,37.7023161,-121.940756
MLS Listing,,Single Family Residential,4600 Via Verde,Modesto,CA,95357,609000,3,2.5,Modesto,2334,8760,2001,53,261,175,Active,,,https://www.redfin.com/CA/Modesto/4600-Via-Verde-95357/home/19886646,MetroList,222135757,N,Y,37.662872,-120.9097173
MLS Listing,,Single Family Residential,3564 Bellaire Ave,Clovis,CA,93619,529000,4,3.5,Clovis,2245,4335,2014,54,236,,Active,,,https://www.redfin.com/CA/Clovis/3564-Bellaire-Ave-93619/home/72703000,FRESNOMLS,586604,N,Y,36.7918334,-119.6425139
MLS Listing,,Single Family Residential,12645 Mount Hamilton Rd,San Jose,CA,95140,3188888,4,4.5,San Jose,3993,877298,1987,57,799,,Active,,,https://www.redfin.com/CA/San-Jose/12645-Mt-Hamilton-Rd-95140/home/1304676,"bridgeMLS, Bay East AOR, or Contra Costa AOR",41011841,N,Y,37.374963235,-121.7923007
MLS Listing,,Single Family Residential,25291 Morse Ct,Hayward,CA,94542,1299000,3,2.5,Hayward Hills,2220,58057,1988,57,585,,Active,December-18-2022 01:00 PM,December-18-2022 04:00 PM,https://www.redfin.com/CA/Hayward/25291-Morse-Ct-94542/home/1051041,"bridgeMLS, Bay East AOR, or Contra Costa AOR",41012342,N,Y,37.6641842,-122.0604625
MLS Listing,,Single Family Residential,230 Carrol Ave,Felton,CA,95018,599650,1,1.0,FELTON,632,4400,1936,58,949,,Active,,,https://www.redfin.com/CA/Felton/230-Carrol-Ave-95018/home/2370856,MLSListings,ML81911056,N,Y,37.104911,-122.0511395
MLS Listing,,Condo/Co-op,566 South Van Ness Ave #3,San Francisco,CA,94110,865000,2,2.0,San Francisco,940,12255,2007,60,920,698,Active,,,https://www.redfin.com/CA/San-Francisco/566-S-Van-Ness-Ave-94110/unit-3/home/17305324,San Francisco MLS,422702018,N,Y,37.7639953,-122.4176979
MLS Listing,,Single Family Residential,251 Summit Way,San Francisco,CA,94132,1998000,4,3.5,San Francisco,2385,1701,2015,64,838,250,Active,December-18-2022 02:00 PM,December-18-2022 04:00 PM,https://www.redfin.com/CA/San-Francisco/251-Summit-Way-94132/home/102080144,San Francisco MLS,422702354,N,Y,37.7153386,-122.4771297
MLS Listing,,Single Family Residential,4255 Dolcetto Ct,Stockton,CA,95212,599000,4,2.5,Stockton,2364,5493,2005,66,253,,Active,,,https://www.redfin.com/CA/Stockton/4255-Dolcetto-Ln-95212/home/19720325,MetroList,222131229,N,Y,38.0321286,-121.2605991
MLS Listing,,Multi-Family (2-4 Unit),2501 Humboldt Ave,Oakland,CA,94601,1399000,8,4.0,Oakland,3588,6360,1953,66,390,,Active,,,https://www.redfin.com/CA/Oakland/2501-Humboldt-Ave-94601/home/540136,"bridgeMLS, Bay East AOR, or Contra Costa AOR",41011369,N,Y,37.7891254,-122.2124926
MLS Listing,,Townhouse,103 Summit Way,San Francisco,CA,94132,1598000,3,2.5,San Francisco,2133,1689,2015,66,749,320,Active,December-17-2022 01:00 PM,December-17-2022 03:00 PM,https://www.redfin.com/CA/San-Francisco/103-Summit-Way-94132/home/84260165,San Francisco MLS,422701674,N,Y,37.7152936,-122.4753281
MLS Listing,,Single Family Residential,948 Carpino Ave,Pittsburg,CA,94565,450000,3,1.0,Pittsburg,975,5500,1955,67,462,,Active,,,https://www.redfin.com/CA/Pittsburg/948-Carpino-Ave-94565/home/1289011,"bridgeMLS, Bay East AOR, or Contra Costa AOR",41010363,N,Y,38.016818,-121.8707478
MLS Listing,,Single Family Residential,703 Reisling Ct,Clayton,CA,94517,1199000,4,2.5,Easeley Estates,2081,15600,1979,68,576,,Active,,,https://www.redfin.com/CA/Clayton/703-Reisling-Ct-94517/home/1039393,"bridgeMLS, Bay East AOR, or Contra Costa AOR",41011174,N,Y,37.9356182,-121.9246667
MLS Listing,,Single Family Residential,94 Sussex St,San Francisco,CA,94131,1575000,2,2.0,SAN FRANCISCO,1625,3410,1900,71,969,,Active,,,https://www.redfin.com/CA/San-Francisco/94-Sussex-St-94131/home/1567199,MLSListings,ML81908984,N,Y,37.7374125,-122.4344816
MLS Listing,,Single Family Residential,6020 N Flora Ave,Fresno,CA,93710,400000,4,2.0,Fresno,1894,9900,1966,71,211,,Active,,,https://www.redfin.com/CA/Fresno/6020-N-Flora-Ave-93710/home/96039386,FRESNOMLS,585859,N,Y,36.8235008,-119.7647938
MLS Listing,,Single Family Residential,525 9th Ave,San Mateo,CA,94402,1650000,3,2.0,SAN MATEO,1593,3456,1937,71,1036,,Active,December-17-2022 01:00 PM,December-17-2022 03:00 PM,https://www.redfin.com/CA/San-Mateo/525-9th-Ave-94402/home/1452055,MLSListings,ML81909785,N,Y,37.5631927,-122.3160996
MLS Listing,,Single Family Residential,361 Montecillo Dr,Walnut Creek,CA,94595,1595500,4,2.0,Tice Valley,2325,22078,1973,71,686,,Active,,,https://www.redfin.com/CA/Walnut-Creek/361-Montecillo-Dr-94595/home/1612360,"bridgeMLS, Bay East AOR, or Contra Costa AOR",41010913,N,Y,37.8791983,-122.0654345
MLS Listing,,Single Family Residential,1012 Laurel Ave,East Palo Alto,CA,94303,1599000,4,4.0,EAST PALO ALTO,3450,6450,2004,72,463,,Active,,,https://www.redfin.com/CA/East-Palo-Alto/1012-Laurel-Ave-94303/home/1516867,MLSListings,ML81909703,N,Y,37.4687736,-122.1522741
MLS Listing,,Single Family Residential,14840 E Juniper Ave,Lockeford,CA,95237,750000,3,2.0,Lockeford,1954,89734,1990,72,384,,Active,,,https://www.redfin.com/CA/Lockeford/14840-E-Juniper-Ave-95237/home/19864196,MetroList,222128211,N,Y,38.1559319,-121.1351722
MLS Listing,,Single Family Residential,209 Alta St,Brentwood,CA,94513,650000,4,2.5,Mission Grove,1762,3410,2015,73,369,99,Active,,,https://www.redfin.com/CA/Brentwood/209-Alta-St-94513/home/95952209,"bridgeMLS, Bay East AOR, or Contra Costa AOR",41010658,N,Y,37.9229339,-121.6895949
MLS Listing,,Single Family Residential,8121 Ney Ave,Oakland,CA,94605,699000,3,2.0,Eastmont Hills,1484,4700,1920,74,471,,Active,,,https://www.redfin.com/CA/Oakland/8121-Ney-Ave-94605/home/843349,"bridgeMLS, Bay East AOR, or Contra Costa AOR",41010599,N,Y,37.7636534,-122.1640721
MLS Listing,,Single Family Residential,4475 Redding St,Oakland,CA,94619,699000,2,2.0,Maxwell  Park,990,3627,1930,74,706,,Active,,,https://www.redfin.com/CA/Oakland/4475-Redding-St-94619/home/561724,"bridgeMLS, Bay East AOR, or Contra Costa AOR",41010584,N,Y,37.7852452,-122.1940493
MLS Listing,,Single Family Residential,1867 Landmark Dr,Vallejo,CA,94591,995000,5,3.0,Vallejo,3297,9692,2002,74,302,7,Active,,,https://www.redfin.com/CA/Vallejo/1867-Landmark-Dr-94591/home/2594826,BAREIS,322090190,N,Y,38.1490533,-122.1739398
MLS Listing,,Single Family Residential,1 Memory Ln,La Honda,CA,94020,889000,3,2.0,LA HONDA,1500,10208,1925,76,593,,Active,,,https://www.redfin.com/CA/La-Honda/1-Memory-Ln-94020/home/1525363,MLSListings,ML81909223,N,Y,37.315025,-122.275306
MLS Listing,,Single Family Residential,329 Wooster Ave,San Jose,CA,95116,1249000,4,3.0,San Jose Cc,2426,5400,2016,81,515,,Active,,,https://www.redfin.com/CA/San-Jose/329-Wooster-Ave-95116/home/965450,"bridgeMLS, Bay East AOR, or Contra Costa AOR",41009436,N,Y,37.3532778,-121.8695364
MLS Listing,,Single Family Residential,1245 Day Rd,Gilroy,CA,95020,3495000,4,4.0,GILROY,4330,438884,1990,81,807,,Active,,,https://www.redfin.com/CA/Gilroy/1245-Day-Rd-95020/home/1484882,MLSListings,ML81908252,N,Y,37.0445719,-121.6107046
MLS Listing,,Single Family Residential,2228 Jefferson Way,Antioch,CA,94509,543000,3,2.0,Gentrytown,1288,6500,1972,85,422,,Active,,,https://www.redfin.com/CA/Antioch/2228-Jefferson-Way-94509/home/658718,"bridgeMLS, Bay East AOR, or Contra Costa AOR",41009638,N,Y,37.9918669,-121.839937
MLS Listing,,Townhouse,1633 Riverlake Rd,Discovery Bay,CA,94505,449900,2,2.0,Discovery Bay,1289,2700,1989,85,349,715,Active,,,https://www.redfin.com/CA/Discovery-Bay/1633-Riverlake-Rd-94505/home/1328598,"bridgeMLS, Bay East AOR, or Contra Costa AOR",41009558,N,Y,37.9030662,-121.6045755
MLS Listing,,Single Family Residential,1049 Glen Echo Ave,San Jose,CA,95125,2499888,4,3.5,SAN JOSE,3172,6039,1948,89,788,,Active,,,https://www.redfin.com/CA/San-Jose/1049-Glen-Echo-Ave-95125/home/580549,MLSListings,ML81901715,N,Y,37.305782,-121.9105755
MLS Listing,,Single Family Residential,1724 Weathervane Ln,Ceres,CA,95307,389000,3,2.0,Ceres,1408,5149,1994,92,276,40,Active,,,https://www.redfin.com/CA/Ceres/1724-Weathervane-Ln-95307/home/19966813,MetroList,222120388,N,Y,37.6034112,-120.9643057
MLS Listing,,Single Family Residential,1220 Goldenoak Way,Stockton,CA,95209,475000,4,3.0,Stockton,2163,7022,1979,93,220,27,Active,,,https://www.redfin.com/CA/Stockton/1220-Goldenoak-Way-95209/home/19842166,MetroList,222115191,N,Y,38.0316107,-121.3286296
MLS Listing,,Condo/Co-op,1907 Leavenworth St #6,San Francisco,CA,94133,1075000,1,1.0,San Francisco,,5472,1907,93,,722,Active,,,https://www.redfin.com/CA/San-Francisco/1907-Leavenworth-St-94133/unit-6/home/541857,San Francisco MLS,422693766,N,Y,37.7986227,-122.4174307
MLS Listing,,Single Family Residential,2904 Brookside Ln,Modesto,CA,95355,625000,5,3.0,Modesto,2326,5201,2017,96,269,,Active,,,https://www.redfin.com/CA/Modesto/2904-Brookside-Ln-95355/home/146483354,MetroList,222118076,N,Y,37.6810418,-120.9495131
MLS Listing,,Single Family Residential,2102 Ellen Ave,San Jose,CA,95125,3399000,5,4.0,SAN JOSE,3389,7001,2022,96,1003,,Active,,,https://www.redfin.com/CA/San-Jose/2102-Ellen-Ave-95125/home/1831804,MLSListings,ML81906277,N,Y,37.2944411,-121.8848334
MLS Listing,,Single Family Residential,1385 Maiden Ct,Tracy,CA,95377,880000,3,3.0,Tracy,2446,8786,2000,100,360,275,Active,,,https://www.redfin.com/CA/Tracy/1385-Maiden-Ct-95377/home/19740546,MetroList,222118223,N,Y,37.7175444,-121.4713488
MLS Listing,,Single Family Residential,10380 N Stelling Rd,Cupertino,CA,95014,4350000,5,5.0,CUPERTINO,3778,9375,2019,101,1151,,Active,,,https://www.redfin.com/CA/Cupertino/10380-N-Stelling-Rd-95014/home/1154857,MLSListings,ML81906503,N,Y,37.3284889,-122.0411718
MLS Listing,,Single Family Residential,1211 Prescott Ave,Sunnyvale,CA,94089,1350000,3,2.0,SUNNYVALE,1108,5933,1958,102,1218,,Active,,,https://www.redfin.com/CA/Sunnyvale/1211-Prescott-Ave-94089/home/1770905,MLSListings,ML81906351,N,Y,37.398253,-121.9905201
MLS Listing,,Townhouse,285 E Saint James St #1,San Jose,CA,95112,795000,2,2.0,SAN JOSE,1450,6427,1889,103,548,,Active,December-17-2022 01:00 PM,December-17-2022 04:00 PM,https://www.redfin.com/CA/San-Jose/285-E-Saint-James-St-95112/unit-1/home/181216862,MLSListings,ML81904138,N,Y,37.3422292,-121.8867009
MLS Listing,,Single Family Residential,3835 N Wishon Ave,Fresno,CA,93704,639999,4,2.0,Fresno,2085,20875,1954,105,307,,Active,,,https://www.redfin.com/CA/Fresno/3835-N-Wishon-Ave-93704/home/72692829,FRESNOMLS,584247,N,Y,36.7870204,-119.8027412
MLS Listing,,Single Family Residential,1317 E Via Viola Way,Fresno,CA,93730,504000,3,2.75,Fresno,1641,2304,2018,106,307,151,Active,,,https://www.redfin.com/CA/Fresno/1317-E-Via-Viola-Way-93730/home/167253674,FRESNOMLS,584158,N,Y,36.896194,-119.7599082
MLS Listing,,Single Family Residential,21568 Mary Alice Way,Los Gatos,CA,95033,948000,2,1.0,LOS GATOS,1200,30492,1977,108,790,101,Active,,,https://www.redfin.com/CA/Los-Gatos/21568-Mary-Alice-Way-95033/home/1818799,MLSListings,ML81897772,N,Y,37.1543629,-121.9862052
MLS Listing,,Single Family Residential,1060 S Country Club Blvd,Stockton,CA,95204,375000,2,1.0,Stockton,1129,6752,1948,120,332,,Active,,,https://www.redfin.com/CA/Stockton/1060-S-Country-Club-Blvd-95204/home/19813790,MetroList,222110518,N,Y,37.9699485,-121.3107997
MLS Listing,,Single Family Residential,86 Stonecreek Dr,American Canyon,CA,94503,899000,5,3.0,American Canyon,3003,5205,2004,122,299,,Active,,,https://www.redfin.com/CA/American-Canyon/86-Stonecreek-Dr-94503/home/12223768,BAREIS,322077083,N,Y,38.1670708,-122.2497243
MLS Listing,,Single Family Residential,3094 Delano Dr,Pittsburg,CA,94565,824000,5,3.0,Pittsburg,2770,4440,2020,142,297,,Active,,,https://www.redfin.com/CA/Pittsburg/3094-Delano-Dr-94565/home/176062739,BAREIS,322069743,N,Y,38.0154042,-121.9765706
MLS Listing,,Condo/Co-op,4037 Ralston Cmn #73,Fremont,CA,94538,850000,3,2.0,FREMONT,1389,,1980,143,612,506,Active,,,https://www.redfin.com/CA/Fremont/4037-Ralston-Cmn-94538/unit-73/home/805948,MLSListings,ML81901804,N,Y,37.5422895,-121.9783232
MLS Listing,,Single Family Residential,29732 Meadow Ln,Coarsegold,CA,93614,499000,3,2.0,Coarsegold,2426,81892,1992,144,206,158,Active,,,https://www.redfin.com/CA/Coarsegold/29732-Meadow-Ln-93614/home/77559474,FRESNOMLS,582180,N,Y,37.1807632,-119.7945782
MLS Listing,,Single Family Residential,33177 Cascadel Heights Dr,North Fork,CA,93643,550000,3,3.0,North Fork,2736,174240,1991,145,201,,Active,,,https://www.redfin.com/CA/North-Fork/33177-Cascadel-Heights-Dr-93643/home/58368565,FRESNOMLS,582154,N,Y,37.2274561,-119.4687788
MLS Listing,,Single Family Residential,1649 Elda Ct,Pleasant Hill,CA,94523,849000,3,2.0,Pleasant Hill,1198,10450,1955,148,709,,Active,,,https://www.redfin.com/CA/Pleasant-Hill/1649-Elda-Ct-94523/home/1580124,"bridgeMLS, Bay East AOR, or Contra Costa AOR",41002580,N,Y,37.9535461,-122.0573105
MLS Listing,,Condo/Co-op,465 E 5th St,Benicia,CA,94510,592000,2,2.5,Benicia,1201,566,1998,148,493,425,Active,,,https://www.redfin.com/CA/Benicia/465-E-5th-St-94510/home/2330856,BAREIS,322069578,N,Y,38.044551,-122.151728
MLS Listing,,Single Family Residential,5612 S Carmel Ave,Del Rey,CA,93616,280000,4,2.0,Del Rey,1498,18000,1982,156,187,,Active,,,https://www.redfin.com/CA/Del-Rey/5612-Carmel-93616/home/96021961,FRESNOMLS,581453,N,Y,36.655765,-119.5938803
MLS Listing,,Single Family Residential,20690 View Oaks Way,San Jose,CA,95120,4200000,6,5.0,SAN JOSE,6463,100623,1987,158,650,,Active,December-17-2022 02:00 PM,December-17-2022 04:00 PM,https://www.redfin.com/CA/San-Jose/20690-View-Oaks-Way-95120/home/1694866,MLSListings,ML81897994,N,Y,37.2184892,-121.8280372
MLS Listing,,Single Family Residential,12805 Lanai Ave,Bakersfield,CA,93312,449000,4,2.0,Bakersfield,2167,8276,2004,161,207,,Active,,,https://www.redfin.com/CA/Bakersfield/12805-Lanai-Ave-93312/home/69725807,GEMLS,202207734,N,Y,35.4055276,-119.1447613
MLS Listing,,Condo/Co-op,201 Folsom St Unit 32E,San Francisco,CA,94105,3575000,3,3.0,San Francisco,1784,75406,2016,161,2004,1365,Active,,,https://www.redfin.com/CA/San-Francisco/201-Folsom-St-94105/unit-32E/home/113710435,San Francisco MLS,422676460,N,Y,37.7887123,-122.3924805
MLS Listing,,Condo/Co-op,3390 16th St,San Francisco,CA,94114,1090000,3,2.0,San Francisco,973,1738,1906,206,1120,225,Active,,,https://www.redfin.com/CA/San-Francisco/3390-16th-St-94114/home/868657,San Francisco MLS,422662841,N,Y,37.764729,-122.428413
MLS Listing,,Single Family Residential,12172 Lone Oak Rd,Waterford,CA,95386,1849900,4,4.5,Waterford,4092,436036,2005,246,452,,Active,,,https://www.redfin.com/CA/Waterford/12172-Lone-Oak-Rd-95386/home/178954401,MetroList,222046893,N,Y,37.6598412,-120.767815
Redfin Data,,Condo/Co-op,6501 San Pablo Ave #404,Oakland,CA,94608,699000,1,1.5,Oakland,1010,,2006,3,692,525,Pre On-Market,,,https://www.redfin.com/CA/Oakland/6501-San-Pablo-Ave-94608/unit-404/home/12116522,Coming Soon,90411,N,Y,37.8482683,-122.2858133
Redfin Data,,Townhouse,2500 Florida Ln,Antioch,CA,94509,310000,2,1.0,Antioch,847,1008,1977,4,366,,Pre On-Market,,,https://www.redfin.com/CA/Antioch/2500-Florida-Ln-94509/home/1966147,Coming Soon,90394,N,Y,38.000074,-121.8332866
MLS Listing,,Vacant Land,Ave 328,Visalia,CA,93292,250000,,,Visalia,,108900,,1,,,Active,,,https://www.redfin.com/CA/Visalia/Avenue-328-93292/home/179406362,TCMLS,207815,N,Y,36.380531,-119.27274
MLS Listing,,Condo/Co-op,657 Walnut St #432,San Carlos,CA,94070,1495000,2,2.0,SAN CARLOS,1219,,2020,1,1226,482,Active,,,https://www.redfin.com/CA/San-Carlos/657-Walnut-St-94070/unit-432/home/170485905,MLSListings,ML81892365,N,Y,37.505215,-122.26091
MLS Listing,,Single Family Residential,235 W Loyola Ave,Visalia,CA,93277,360000,4,2.0,Visalia,1502,7700,2000,1,240,,Active,,,https://www.redfin.com/CA/Visalia/235-W-Loyola-Ave-93277/home/125167061,TCMLS,219449,N,Y,36.29469,-119.2941006
MLS Listing,,Single Family Residential,515 W Carmel Valley Rd,Carmel Valley,CA,93924,3995000,4,5.5,CARMEL VALLEY,4592,142006,2001,1,870,,Active,,,https://www.redfin.com/CA/Carmel-Valley/515-W-Carmel-Valley-Rd-93924/home/14895925,MLSListings,ML81915007,N,Y,36.5047865,-121.7608852
MLS Listing,,Single Family Residential,1854 Richard Ave,Mojave,CA,93501,225000,2,1.0,MOJV - Mojave,960,7672,1953,1,234,,Active,,,https://www.redfin.com/CA/Mojave/1854-Richard-Ave-93501/home/69837834,CRISNet,SR22256902,N,Y,35.0450525,-118.1651348
MLS Listing,,Single Family Residential,3038 56Th Ave,Oakland,CA,94605,599000,2,1.0,Mills Gardens,1237,4000,1925,1,484,,Active,December-18-2022 01:00 PM,December-18-2022 04:00 PM,https://www.redfin.com/CA/Oakland/3038-56th-Ave-94605/home/1925292,"bridgeMLS, Bay East AOR, or Contra Costa AOR",41015844,N,Y,37.7769836,-122.187886
MLS Listing,,Single Family Residential,1844 Esprit Ct,San Jose,CA,95131,1880000,5,3.0,SAN JOSE,2449,5130,1997,1,768,,Active,December-17-2022 01:00 PM,December-17-2022 04:00 PM,https://www.redfin.com/CA/San-Jose/1844-Esprit-Ct-95131/home/609204,MLSListings,ML81912353,N,Y,37.4011238,-121.8806759
MLS Listing,,Vacant Land,12601 S Enos Ln,Bakersfield,CA,93311,1500000,,,Bakersfield,,3397680,,1,,,Active,,,https://www.redfin.com/CA/Bakersfield/12601-S-Enos-Ln-93311/home/183391751,AVMLS,22010778,N,Y,35.23886,-119.2527593
MLS Listing,,Townhouse,971 Wisteria Ter,Sunnyvale,CA,94086,1198000,3,2.5,SUNNYVALE,1280,,1999,1,936,250,Active,December-17-2022 01:00 PM,December-17-2022 04:00 PM,https://www.redfin.com/CA/Sunnyvale/971-Wisteria-Ter-94086/home/1495619,MLSListings,ML81914324,N,Y,37.352817,-122.008534
MLS Listing,,Single Family Residential,106 Linscheid Dr,Pittsburg,CA,94565,540000,3,1.5,Pittsburg Height,1663,9000,1936,1,325,,Active,December-18-2022 02:00 PM,December-18-2022 05:00 PM,https://www.redfin.com/CA/Pittsburg/106-Linscheid-Dr-94565/home/1830305,"bridgeMLS, Bay East AOR, or Contra Costa AOR",41015843,N,Y,38.0036915,-121.8979942
MLS Listing,,Single Family Residential,101 El Camino Real,Vallejo,CA,94590,475000,3,2.0,Vallejo,1741,6969,1962,1,273,,Active,,,https://www.redfin.com/CA/Vallejo/101-El-Camino-Real-94590/home/2220644,"bridgeMLS, Bay East AOR, or Contra Costa AOR",41015842,N,Y,38.1161042,-122.2405949
MLS Listing,,Condo/Co-op,88 Arkansas St #217,San Francisco,CA,94107,549000,1,1.0,San Francisco,518,19998,2022,1,1060,636,Active,,,https://www.redfin.com/CA/San-Francisco/88-Arkansas-St-94107/unit-217/home/180006527,San Francisco MLS,422712484,N,Y,37.7652865,-122.3990739
MLS Listing,,Condo/Co-op,88 Arkansas St #106,San Francisco,CA,94107,849000,2,2.0,San Francisco,778,19998,2022,1,1091,743,Active,,,https://www.redfin.com/CA/San-Francisco/88-Arkansas-St-94107/unit-106/home/183390891,San Francisco MLS,422712481,N,Y,37.7655271,-122.3991402
MLS Listing,,Condo/Co-op,88 Arkansas St #223,San Francisco,CA,94107,969000,2,2.0,San Francisco,809,19998,2022,1,1198,754,Active,,,https://www.redfin.com/CA/San-Francisco/88-Arkansas-St-94107/unit-223/home/183390875,San Francisco MLS,422712482,N,Y,37.7655271,-122.3991402
MLS Listing,,Mobile/Manufactured Home,2053 E Bayshore Rd #64,Redwood City,CA,94063,345000,3,2.0,REDWOOD CITY,1200,,2018,1,288,,Active,,,https://www.redfin.com/CA/Redwood-City/2053-E-Bayshore-Rd-94063/unit-64/home/168639804,MLSListings,ML81915005,N,Y,37.4880355,-122.2016309
MLS Listing,,Condo/Co-op,88 Arkansas St #412,San Francisco,CA,94107,649000,1,1.0,San Francisco,604,19998,2022,1,1075,695,Active,,,https://www.redfin.com/CA/San-Francisco/88-Arkansas-St-94107/unit-412/home/183390670,San Francisco MLS,422712480,N,Y,37.7655271,-122.3991402
MLS Listing,,Mobile/Manufactured Home,7099 Manor Ave,Winton,CA,95388,199000,3,2.0,Winton,1118,5998,1977,1,178,,Active,,,https://www.redfin.com/CA/Winton/7099-Manor-Ave-95388/home/19670537,CRMLS,MC22256893,N,Y,37.3797633,-120.6153826
MLS Listing,,Condo/Co-op,88 Arkansas St #115,San Francisco,CA,94107,489000,0,1.0,San Francisco,376,19998,2022,1,1301,599,Active,,,https://www.redfin.com/CA/San-Francisco/88-Arkansas-St-94107/unit-115/home/183390589,San Francisco MLS,422712479,N,Y,37.7655271,-122.3991402
MLS Listing,,Condo/Co-op,675 Newbury Ln #244,Hayward,CA,94544,425000,1,1.0,Garin Heights,643,7984,1988,1,661,398,Active,December-17-2022 12:00 PM,December-17-2022 03:00 PM,https://www.redfin.com/CA/Hayward/675-Newbury-Ln-94544/unit-244/home/2114910,"bridgeMLS, Bay East AOR, or Contra Costa AOR",41015841,N,Y,37.6334603,-122.0461224
MLS Listing,,Vacant Land,Manly Rd & Starbuck Ave,Rosamond,CA,93560,20000,,,Rosamond,,89734,,1,,,Active,,,https://www.redfin.com/CA/Unknown/Unknown-93560/home/183390516,AVMLS,22010775,N,Y,34.887536,-118.294626
MLS Listing,,Multi-Family (2-4 Unit),305 E Flora,Stockton,CA,95202,479990,,,Stockton,3098,3098,1911,1,155,,Active,,,https://www.redfin.com/CA/Stockton/305-Flora-St-95202/home/19801259,"bridgeMLS, Bay East AOR, or Contra Costa AOR",41015839,N,Y,37.961311,-121.289165
MLS Listing,,Single Family Residential,1566 Ellis Ave,Milpitas,CA,95035,1399000,3,2.0,MILPITAS,1584,6498,1962,1,883,,Active,December-17-2022 01:00 PM,December-17-2022 04:00 PM,https://www.redfin.com/CA/Milpitas/1566-Ellis-Ave-95035/home/824967,MLSListings,ML81915004,N,Y,37.4405895,-121.8797198
MLS Listing,,Single Family Residential,1766 N REDINGTON Ave,Clovis,CA,93619,789000,5,3.0,CLOVIS,2675,5837,2021,1,295,,Active,,,https://www.redfin.com/CA/Clovis/1766-N-Redington-Ave-93619/home/176215054,MLSListings,ML81915003,N,Y,36.8623972,-119.6535846
MLS Listing,,Single Family Residential,40175 Michelle St,Fremont,CA,94538,999000,3,1.0,Lake Elizabeth,950,6000,1959,1,1052,,Active,,,https://www.redfin.com/CA/Fremont/40175-Michelle-St-94538/home/1805424,"bridgeMLS, Bay East AOR, or Contra Costa AOR",41015723,N,Y,37.5441683,-121.9675514
MLS Listing,,Single Family Residential,4646 N Tamera Ave,Fresno,CA,93722,325000,3,2.0,Fresno,1104,6000,1971,1,294,,Active,,,https://www.redfin.com/CA/Fresno/4646-N-Tamera-Ave-93722/home/96043641,FRESNOMLS,588554,N,Y,36.8054367,-119.8504887
MLS Listing,,Single Family Residential,1117 Indiana St,Vallejo,CA,94590,525000,2,2.0,Vallejo,1696,6499,1981,1,310,,Active,,,https://www.redfin.com/CA/Vallejo/1117-Indiana-St-94590/home/2229146,BAREIS,322104743,N,Y,38.1105587,-122.2439852
MLS Listing,,Single Family Residential,,Richmond,CA,94801,3200000,4,3.0,Point Richmond,3556,5580,1981,1,900,133,Active,,,https://www.redfin.com/CA/Richmond/Undisclosed-address-94801/home/1630794,"bridgeMLS, Bay East AOR, or Contra Costa AOR",41015838,N,Y,37.9084464,-122.3820792
MLS Listing,,Single Family Residential,17763 Almond Rd,Castro Valley,CA,94546,1195000,3,2.0,Castro Valley,1416,10440,1919,1,844,,Active,,,https://www.redfin.com/CA/Castro-Valley/17763-Almond-Rd-94546/home/830267,"bridgeMLS, Bay East AOR, or Contra Costa AOR",41015686,N,Y,37.7173952,-122.0840774
MLS Listing,,Single Family Residential,419 32nd St,Richmond,CA,94804-1705,511000,2,1.0,North Richmond,802,3800,1953,1,637,,Active,,,https://www.redfin.com/CA/Richmond/419-32nd-St-94804/home/1534402,"bridgeMLS, Bay East AOR, or Contra Costa AOR",41015333,N,Y,37.9360504,-122.3384959
MLS Listing,,Condo/Co-op,3434 Tice Creek Dr #8,Walnut Creek,CA,94595,645000,3,2.5,Rossmoor,1739,,1969,1,371,1054,Active,,,https://www.redfin.com/CA/Walnut-Creek/3434-Tice-Creek-Dr-94595/unit-8/home/964024,"bridgeMLS, Bay East AOR, or Contra Costa AOR",41015836,N,Y,37.855147,-122.0628376
MLS Listing,,Multi-Family (2-4 Unit),895 Oak St,Alameda,CA,94501,1340000,4,3.5,Alameda,2984,5200,1903,1,449,,Active,,,https://www.redfin.com/CA/Alameda/895-Oak-St-94501/home/555354,"bridgeMLS, Bay East AOR, or Contra Costa AOR",41015835,N,Y,37.760306,-122.2475347
MLS Listing,,Single Family Residential,5797 Capilano Dr,San Jose,CA,95138,2897000,6,4.5,Silvercreek,3293,7420,1997,1,880,175,Active,December-17-2022 01:00 PM,December-17-2022 03:00 PM,https://www.redfin.com/CA/San-Jose/5797-Capilano-Dr-95138/home/979707,"bridgeMLS, Bay East AOR, or Contra Costa AOR",41015834,N,Y,37.2782907,-121.7528055
MLS Listing,,Single Family Residential,5391 Amend Rd,El Sobrante,CA,94803,1199000,5,3.0,El Sobrante Hill,2222,12240,1978,1,540,,Active,December-17-2022 01:00 PM,December-17-2022 04:00 PM,https://www.redfin.com/CA/El-Sobrante/5391-Amend-Rd-94803/home/1803419,"bridgeMLS, Bay East AOR, or Contra Costa AOR",41015130,N,Y,37.9666897,-122.2809401
MLS Listing,,Single Family Residential,140 Panoramic Way,Berkeley,CA,94704,1095000,3,2.0,Berkeley,2322,11800,1976,1,472,,Active,December-17-2022 01:00 PM,December-17-2022 04:00 PM,https://www.redfin.com/CA/Berkeley/140-Panoramic-Way-94704/home/1080187,"bridgeMLS, Bay East AOR, or Contra Costa AOR",41015830,N,Y,37.8683497,-122.2467551
MLS Listing,,Single Family Residential,1069 Eleanor Ln,Manteca,CA,95337,599000,4,2.0,Winters Estates,1814,6000,1990,1,330,,Active,,,https://www.redfin.com/CA/Manteca/1069-Eleanor-Ln-95337/home/19731703,"bridgeMLS, Bay East AOR, or Contra Costa AOR",41014385,N,Y,37.7876437,-121.243254
MLS Listing,,Multi-Family (2-4 Unit),23 Fairfax Street St #2,San Rafael,CA,94901,1550000,8,4.0,San Rafael,3744,5388,1963,1,414,1000,Active,,,https://www.redfin.com/CA/San-Rafael/23-Fairfax-St-94901/unit-2/home/183388078,BAREIS,322104730,N,Y,37.9643008,-122.5018901
MLS Listing,,Vacant Land,11464 Gaylan Ave,Wasco,CA,93280,35000,,,Wasco,,54450,,1,,,Active,,,https://www.redfin.com/CA/Wasco/11464-Gaylan-Ave-93280/home/183388072,GEMLS,202213086,N,Y,35.7344684,-119.4740357
MLS Listing,,Mobile/Manufactured Home,5901 Newbrook Cir #28,Riverbank,CA,95367,155500,3,2.0,Quail Meadows,1152,,2011,1,135,942,Active,,,https://www.redfin.com/CA/Riverbank/5901-Newbrook-Cir-95367/unit-28/home/21953680,MetroList,222149076,N,Y,37.7237992,-120.9462614
MLS Listing,,Single Family Residential,13408 San Simeon Ave,Bakersfield,CA,93314,595000,3,2.0,Bakersfield,2386,26136,1990,1,249,,Active,December-17-2022 12:00 PM,December-17-2022 03:00 PM,https://www.redfin.com/CA/Bakersfield/13408-San-Simeon-Ave-93314/home/69894844,GEMLS,202213087,N,Y,35.3584215,-119.1521073
MLS Listing,,Single Family Residential,924 Maple Ave,Greenfield,CA,93927,435000,3,1.0,GREENFIELD,918,9000,1938,1,474,,Active,December-18-2022 01:00 PM,December-18-2022 03:00 PM,https://www.redfin.com/CA/Greenfield/924-Maple-Ave-93927/home/14918558,MLSListings,ML81915000,N,Y,36.3183827,-121.2441036
MLS Listing,,Single Family Residential,2332 Del Rio,Stockton,CA,95204,399000,3,1.0,Stockton,1321,7013,1954,1,302,,Active,,,https://www.redfin.com/CA/Stockton/2332-Del-Rio-Dr-95204/home/19815928,MetroList,222149085,N,Y,37.9765022,-121.335734
MLS Listing,,Mobile/Manufactured Home,8270 S Highway 26,Valley Springs,CA,95252,339000,3,2.0,Valley Springs,1248,169013,,1,272,,Active,,,https://www.redfin.com/CA/Valley-Springs/8270-State-Rte-26-95252/home/114630628,MetroList,222149087,N,Y,38.1160478,-120.8988961
MLS Listing,,Single Family Residential,5707 Alagon St,Bakersfield,CA,93311,380000,3,2.0,Bakersfield,1829,8276,2007,1,208,,Active,December-17-2022 10:00 AM,December-17-2022 04:00 PM,https://www.redfin.com/CA/Bakersfield/5707-Alagon-St-93311/home/60528609,GEMLS,202213088,N,Y,35.3030295,-119.1292545
MLS Listing,,Vacant Land,247 Sequoia Ave,Walnut Creek,CA,94595,950000,,,Walnut Creek,,40162,,1,,,Active,,,https://www.redfin.com/CA/Walnut-Creek/247-Sequoia-Ave-94595/home/28617494,"bridgeMLS, Bay East AOR, or Contra Costa AOR",41015827,N,Y,37.8843817,-122.0732418
MLS Listing,,Single Family Residential,1612 Laramie Way,Stockton,CA,95209,529000,4,2.5,Stockton,2184,6730,1978,1,242,,Active,,,https://www.redfin.com/CA/Stockton/1612-Laramie-Way-95209/home/19027919,MetroList,222148934,N,Y,38.0380522,-121.3330085
MLS Listing,,Single Family Residential,521 Curie Dr,San Jose,CA,95123,1298000,4,3.0,SAN JOSE,1473,6314,1969,1,881,,Active,December-17-2022 01:00 PM,December-17-2022 04:00 PM,https://www.redfin.com/CA/San-Jose/521-Curie-Dr-95123/home/988345,MLSListings,ML81914952,N,Y,37.230867,-121.8212749
MLS Listing,,Multi-Family (2-4 Unit),758 Lyon St,San Francisco,CA,94115,699000,4,2.0,San Francisco,2800,2495,1900,1,250,,Active,December-17-2022 11:00 AM,December-17-2022 01:00 PM,https://www.redfin.com/CA/San-Francisco/758-Lyon-St-94115/home/1739770,San Francisco MLS,422712348,N,Y,37.777938,-122.443181
MLS Listing,,Single Family Residential,1725 Blossom Crest St,Bakersfield,CA,93314,530000,4,2.5,Bakersfield,2204,12632,1991,1,240,,Active,,,https://www.redfin.com/CA/Bakersfield/1725-Blossom-Crest-St-93314/home/69894073,GEMLS,202213085,N,Y,35.3747153,-119.1643672
MLS Listing,,Townhouse,29710 Hansen St,Hayward,CA,94544,1050782,4,3.5,Hayward,2018,,2022,1,521,368,Active,December-17-2022 12:00 PM,December-17-2022 03:00 PM,https://www.redfin.com/CA/Hayward/29710-Hansen-St-94544/home/183387455,"bridgeMLS, Bay East AOR, or Contra Costa AOR",41015826,N,Y,37.628624,-122.0475323
MLS Listing,,Single Family Residential,116 Windmill Ct,Brentwood,CA,94513,720000,3,2.5,Brentwood,1943,6225,1992,1,371,,Active,December-17-2022 01:00 PM,December-17-2022 04:00 PM,https://www.redfin.com/CA/Brentwood/116-Windmill-Ct-94513/home/1548502,MetroList,222148928,N,Y,37.9268664,-121.7119309
MLS Listing,,Single Family Residential,260 Camelot Dr,Tracy,CA,95376,699000,4,3.0,Tracy,1950,5001,1990,1,358,,Active,,,https://www.redfin.com/CA/Tracy/260-Camelot-Dr-95376/home/19758740,MetroList,222149077,N,Y,37.7280102,-121.4168451
MLS Listing,,Single Family Residential,5531 Grouse Run Dr,Stockton,CA,95207,520000,3,2.0,Stockton,2349,3707,1979,1,221,566,Active,December-17-2022 01:00 PM,December-17-2022 03:00 PM,https://www.redfin.com/CA/Stockton/5531-Grouse-Run-Dr-95207/home/19813930,MetroList,222148438,N,Y,37.994405,-121.3348764
MLS Listing,,Single Family Residential,2601 El Goya Dr,Modesto,CA,95354,317200,2,2.0,Modesto,1221,4112,1973,1,260,92,Active,,,https://www.redfin.com/CA/Modesto/2601-El-Goya-Dr-95354/home/19975617,MetroList,222148978,N,Y,37.642912,-120.9478971
MLS Listing,,Vacant Land,2900 Parker Ave,Oakland,CA,94605,149898,,,Oakland,,5475,,1,,,Active,,,https://www.redfin.com/CA/Oakland/2900-Parker-Ave-94605/home/22713635,MetroList,222148971,N,Y,37.7668646,-122.1661556
MLS Listing,,Condo/Co-op,2022 Venetian Dr,Stockton,CA,95207,345000,3,2.0,Stockton,1657,3219,1979,1,208,550,Active,,,https://www.redfin.com/CA/Stockton/2022-Venetian-Dr-95207/home/19815194,MetroList,222149020,N,Y,37.992474,-121.329583
MLS Listing,,Single Family Residential,3600 Spruce Ave,Ceres,CA,95307,315501,4,2.5,Ceres,2154,8063,1964,1,146,,Active,,,https://www.redfin.com/CA/Ceres/3600-Spruce-Ave-95307/home/19954195,MetroList,222149015,N,Y,37.5854456,-120.9538622
MLS Listing,,Single Family Residential,2166 Bristol Ct,Merced,CA,95340,585000,4,3.0,Merced,2237,9261,2016,1,262,,Active,,,https://www.redfin.com/CA/Merced/2166-Bristol-Ct-95340/home/28952965,MetroList,222148864,N,Y,37.3064196,-120.4452597
MLS Listing,,Single Family Residential,2657 Gantry Dr,Manteca,CA,95337,799990,4,3.5,Griffin Park,2700,9252,,1,296,,Active,,,https://www.redfin.com/CA/Manteca/2657-Gantry-Dr-95337/home/180930609,MetroList,222149043,N,Y,37.7618698,-121.2182331
MLS Listing,,Single Family Residential,505 Mount Everest Ct,Modesto,CA,95358,359000,3,2.0,Modesto,1256,3899,1986,1,286,,Active,,,https://www.redfin.com/CA/Modesto/505-Mt-Everest-Ct-95358/home/19946700,MetroList,222148465,N,Y,37.6002858,-120.9993497
MLS Listing,,Single Family Residential,2001 La Veta Ct,Modesto,CA,95350,350000,3,2.0,Modesto,1092,6252,1965,1,321,,Active,December-18-2022 02:00 PM,December-18-2022 04:00 PM,https://www.redfin.com/CA/Modesto/2001-La-Veta-Ct-95350/home/19903464,MetroList,222149024,N,Y,37.6728426,-120.9778853
MLS Listing,,Single Family Residential,715 W Woodside Ave,Mountain House,CA,95391,1080000,4,3.5,Palisades at Altamont,3663,6499,2008,1,295,,Active,December-17-2022 12:00 PM,December-17-2022 03:00 PM,https://www.redfin.com/CA/Tracy/715-W-Woodside-Ave-95391/home/22551557,MetroList,222148584,N,Y,37.7798012,-121.5550629
MLS Listing,,Condo/Co-op,6516 Embarcadero Dr #35,Stockton,CA,95219,384950,2,2.0,Stockton,1277,1085,1979,1,301,477,Active,,,https://www.redfin.com/CA/Stockton/6516-Embarcadero-Dr-95219/unit-35/home/19821363,MetroList,222142379,N,Y,38.0018476,-121.3659786
MLS Listing,,Single Family Residential,241 E Downs,Stockton,CA,95204,335000,3,2.0,Stockton,1014,5889,1951,1,330,,Active,,,https://www.redfin.com/CA/Stockton/241-Downs-St-95204/home/19812326,MetroList,222148941,N,Y,37.9873346,-121.2995374
MLS Listing,,Single Family Residential,1130 Woodrow St,Lodi,CA,95240,374900,3,1.0,Walnut Orchard TR,1248,8163,1957,1,300,,Active,,,https://www.redfin.com/CA/Lodi/1130-Woodrow-St-95240/home/19853140,MetroList,222148884,N,Y,38.1199913,-121.2578751
MLS Listing,,Single Family Residential,1023 S Golden Gate Ave,Stockton,CA,95205,315000,2,1.0,Stockton,984,7061,1948,1,320,,Active,,,https://www.redfin.com/CA/Stockton/1023-S-Golden-Gate-Ave-95205/home/19794121,MetroList,222148963,N,Y,37.9520565,-121.2438801
MLS Listing,,Single Family Residential,210 Barozzi Ave,Modesto,CA,95351,275000,2,1.0,Modesto,864,6499,1980,1,318,,Active,,,https://www.redfin.com/CA/Modesto/210-Barozzi-Ave-95351/home/19969966,MetroList,222148954,N,Y,37.6110256,-120.9917211
MLS Listing,,Single Family Residential,3029 Poppypatch Dr,Modesto,CA,95354,389000,3,2.0,Modesto,1104,5976,1980,1,352,,Active,,,https://www.redfin.com/CA/Modesto/3029-Poppypatch-Dr-95354/home/19974948,MetroList,222149062,N,Y,37.6429008,-120.9371478
MLS Listing,,Single Family Residential,6234 Grizzly Way #20,Riverbank,CA,95367,548990,5,3.0,Bruin Heights,2814,5015,,1,195,,Active,December-17-2022 11:00 AM,December-17-2022 02:00 PM,https://www.redfin.com/CA/Riverbank/6234-Grizzly-WAY-95367/unit-20/home/183387432,MetroList,222148114,N,Y,37.7280941,-120.9474747
MLS Listing,,Single Family Residential,4020 Steffa St,Antioch,CA,94509,749999,5,3.0,Antioch,3302,6686,2012,1,227,,Active,,,https://www.redfin.com/CA/Antioch/4020-Steffa-St-94509/home/23105988,MetroList,222149038,N,Y,37.9847525,-121.8566836
MLS Listing,,Single Family Residential,6541 Brook Hollow Cir,Stockton,CA,95219,695000,5,3.5,Stockton,3319,7279,1999,1,209,128,Active,,,https://www.redfin.com/CA/Stockton/6541-Brook-Hollow-Cir-95219/home/19810552,MetroList,222148886,N,Y,37.9909866,-121.3581622
MLS Listing,,Single Family Residential,2105 Wingland Dr,Bakersfield,CA,93308,225000,3,1.0,Bakersfield,1068,6534,1951,1,211,,Active,,,https://www.redfin.com/CA/Bakersfield/2105-Wingland-Dr-93308/home/69784189,GEMLS,202213071,N,Y,35.4250654,-119.0385669
MLS Listing,,Single Family Residential,5909 N Grantland Ave,Fresno,CA,93723,650000,3,2.0,Fresno,1298,42900,1965,1,501,,Active,,,https://www.redfin.com/CA/Fresno/5909-N-Grantland-Ave-93723/home/58282347,CRMLS,FR22256791,N,Y,36.8211561,-119.9170861
MLS Listing,,Multi-Family (5+ Unit),1479 Fruitvale Ave,Oakland,CA,94601,9500000,0,,Oakland,30457,14990,1925,1,312,,Active,,,https://www.redfin.com/CA/Oakland/1479-Fruitvale-Ave-94601/home/842212,San Francisco MLS,422712476,N,Y,37.7788848,-122.2259584
MLS Listing,,Single Family Residential,2305 Lomita Verde Dr,Bakersfield,CA,93305,314999,4,2.0,Bakersfield,1573,6098,1940,1,200,,Active,,,https://www.redfin.com/CA/Bakersfield/2305-Lomita-Verde-Dr-93305/home/69789459,GEMLS,202213073,N,Y,35.3934818,-118.9959535
MLS Listing,,Single Family Residential,5531 Century Manor Ct,San Jose,CA,95111,1249000,4,2.0,SAN JOSE,1844,7464,1999,1,677,,Active,,,https://www.redfin.com/CA/San-Jose/5531-Century-Manor-Ct-95111/home/892018,MLSListings,ML81914997,N,Y,37.257648,-121.7944663
MLS Listing,,Single Family Residential,1643 Redbud St,Lemoore,CA,93245,352000,3,2.0,LEMOORE,1421,7000,2006,1,248,,Active,,,https://www.redfin.com/CA/Lemoore/1643-Redbud-St-93245/home/118814838,MLSListings,ML81914996,N,Y,36.3066153,-119.8050702
MLS Listing,,Condo/Co-op,16140 Match Pointe Ct,Bakersfield,CA,93306,395000,3,2.0,Bakersfield,1881,975308,1992,1,210,27,Active,,,https://www.redfin.com/CA/Bakersfield/16140-Match-Pointe-Ct-93306/home/69886675,GEMLS,202213079,N,Y,35.432054,-118.875037
MLS Listing,,Single Family Residential,3817 E Cherry Ave,Visalia,CA,93292,359900,3,2.0,Visalia,1667,5019,2010,1,216,,Active,,,https://www.redfin.com/CA/Visalia/3817-E-Cherry-Ave-93292/home/126156315,TCMLS,221514,N,Y,36.3090103,-119.2498526
MLS Listing,,Single Family Residential,19802 Avenue 376,Woodlake,CA,93286,725000,3,3.0,Woodlake,2523,109248,1988,1,287,,Active,,,https://www.redfin.com/CA/Woodlake/19802-Ave-376-93286/home/125506928,TCMLS,221515,N,Y,36.4729725,-119.1297733
MLS Listing,,Single Family Residential,1690 Holt Ave,Los Altos,CA,94024,2948000,5,4.0,LOS ALTOS,3313,10948,1952,1,890,,Active,December-17-2022 02:00 PM,December-17-2022 04:00 PM,https://www.redfin.com/CA/Los-Altos/1690-Holt-Ave-94024/home/768125,MLSListings,ML81914995,N,Y,37.3446647,-122.0663667
MLS Listing,,Single Family Residential,14417 Wildheather Ave,Bakersfield,CA,93314,489900,4,2.0,BKSF - Bakersfield,2415,10890,2003,1,203,,Active,,,https://www.redfin.com/CA/Bakersfield/14417-Wildheather-Ave-93314/home/69894980,CRMLS,NS22256776,N,Y,35.3661115,-119.1621869
MLS Listing,,Condo/Co-op,672 Lanfair Dr,San Jose,CA,95136,600000,2,2.0,SAN JOSE,912,435,1988,1,658,531,Active,December-17-2022 12:30 PM,December-17-2022 04:00 PM,https://www.redfin.com/CA/San-Jose/672-Lanfair-Dr-95136/home/866810,MLSListings,ML81914993,N,Y,37.273903,-121.858715
MLS Listing,,Mobile/Manufactured Home,255 E Bolivar St #145,Salinas,CA,93906,229000,4,2.0,SALINAS,1560,,2003,1,147,,Active,December-18-2022 12:00 PM,December-18-2022 03:00 PM,https://www.redfin.com/CA/Salinas/255-E-Bolivar-St-93906/unit-145/home/14870846,MLSListings,ML81914992,N,Y,36.725672,-121.652275
MLS Listing,,Single Family Residential,2010 Chancellor Ave,Tulare,CA,93274,435215,3,2.0,Tulare,1658,6497,2022,1,262,,Active,,,https://www.redfin.com/CA/Tulare/2010-Capistrano-Ave-93274/home/180279493,TCMLS,221512,N,Y,36.214137,-119.37553
MLS Listing,,Single Family Residential,40590 Harris Rd,Springville,CA,93265,549000,4,2.5,Springville,2500,103237,1987,1,220,,Active,,,https://www.redfin.com/CA/Springville/40590-Harris-Rd-93265/home/125780170,TCMLS,221513,N,Y,36.2096749,-118.807126
MLS Listing,,Multi-Family (2-4 Unit),695 Olive St,Morro Bay,CA,93442,985000,3,2.0,MRBY - Morro Bay,1648,9148,1952,1,598,,Active,,,https://www.redfin.com/CA/Morro-Bay/695-Olive-St-93442/home/51648062,CRMLS,SC22256766,N,Y,35.3602966,-120.84561
MLS Listing,,Condo/Co-op,199 Coy Dr #4,San Jose,CA,95123,450000,2,1.0,SAN JOSE,798,,1970,1,564,420,Active,,,https://www.redfin.com/CA/San-Jose/199-Coy-Dr-95123/unit-4/home/631533,MLSListings,ML81914990,N,Y,37.255719,-121.8225874
MLS Listing,,Single Family Residential,905 Woodrow Ave,Bakersfield,CA,93308,205000,2,1.0,Bakersfield,984,7405,1945,1,208,,Active,,,https://www.redfin.com/CA/Bakersfield/905-Woodrow-Ave-93308/home/60494412,GEMLS,202213082,N,Y,35.4162108,-119.0396898
MLS Listing,,Townhouse,6301 Joaquin Murieta Ave Unit A,Newark,CA,94560,599900,2,1.5,Newpark Village,1132,1048,1981,1,530,505,Active,December-17-2022 01:00 PM,December-17-2022 03:30 PM,https://www.redfin.com/CA/Newark/6301-Joaquin-Murieta-Ave-94560/unit-A/home/1302584,"bridgeMLS, Bay East AOR, or Contra Costa AOR",41015822,N,Y,37.5183062,-122.0003147
MLS Listing,,Single Family Residential,1405 Thomas Way,Delano,CA,93215,360000,3,2.0,Delano,1958,8712,1955,1,184,,Active,,,https://www.redfin.com/CA/Delano/1405-Thomas-Way-93215/home/69901688,GEMLS,202213081,N,Y,35.7753784,-119.2359376
MLS Listing,,Single Family Residential,3620 Country Club Dr,Bakersfield,CA,93306,365000,4,2.5,BKSF - Bakersfield,2045,9148,1958,1,178,,Active,,,https://www.redfin.com/CA/Bakersfield/3620-Country-Club-Dr-93306/home/69904078,CRMLS,NS22256752,N,Y,35.3865354,-118.9471664
MLS Listing,,Single Family Residential,7921 Vera Ave,Bakersfield,CA,93307,339900,3,2.0,BKSF - Bakersfield,1303,28552,1957,1,261,,Active,,,https://www.redfin.com/CA/Bakersfield/7921-Vera-Ave-93307/home/69806778,CRMLS,NS22256736,N,Y,35.338352,-118.9157659
MLS Listing,,Single Family Residential,391 Junipero Way,San Luis Obispo,CA,93401,1125000,3,2.5,SLO - San Luis Obispo,2076,4074,2015,1,542,68,Active,,,https://www.redfin.com/CA/San-Luis-Obispo/391-Junipero-Way-93401/home/60429056,CRMLS,SC22256061,N,Y,35.2545514,-120.6610846
MLS Listing,,Condo/Co-op,14101 E 14Th St #102,San Leandro,CA,94578,362000,1,1.0,San Leandro,642,32495,1986,1,564,,Active,,,https://www.redfin.com/CA/San-Leandro/14101-E-14th-St-94578/unit-102/home/2038186,"bridgeMLS, Bay East AOR, or Contra Costa AOR",41015820,N,Y,37.7127432,-122.1396627
MLS Listing,,Single Family Residential,2089 Chancellor Ave,Tulare,CA,93274,408150,3,2.0,Tulare,1658,6641,2022,1,246,,Active,,,https://www.redfin.com/CA/Unknown/2089-Tulare-Ave-93274/home/183059815,TCMLS,221511,N,Y,36.247488,-119.317771
MLS Listing,,Single Family Residential,3680 W Persimmon Ln,Fresno,CA,93711,325000,2,2.0,Fresno,1256,3710,2007,1,259,84,Active,,,https://www.redfin.com/CA/Fresno/3680-W-Persimmon-Ln-93711/home/58351009,FRESNOMLS,588558,N,Y,36.8190849,-119.8594019
MLS Listing,,Mobile/Manufactured Home,400 E Roberts Ln #83,Bakersfield,CA,93308,85000,2,2.0,Bakersfield,,,1978,1,,600,Active,,,https://www.redfin.com/CA/Bakersfield/400-E-Roberts-Ln-93308/unit-83/home/183385735,GEMLS,202213080,N,Y,35.4107422,-119.014604
MLS Listing,,Single Family Residential,3518 E Laura Ct,Visalia,CA,93292,401990,4,2.0,Visalia,1790,6249,2022,1,225,,Active,,,https://www.redfin.com/CA/Visalia/3518-E-Laura-Ct-93292/home/124980345,TCMLS,221510,N,Y,36.311646,-119.253715
MLS Listing,,Townhouse,7321 Stonedale Dr,Pleasanton,CA,94588,949000,3,2.5,PLEASANTON,1454,1494,1989,1,653,375,Active,,,https://www.redfin.com/CA/Pleasanton/7321-Stonedale-Dr-94588/home/1179749,MLSListings,ML81914976,N,Y,37.6895589,-121.9191994
MLS Listing,,Single Family Residential,3965 Yolo Dr,San Jose,CA,95136,1150000,3,2.0,SAN JOSE,1120,7848,1972,1,1027,,Active,December-17-2022 01:00 PM,December-17-2022 04:00 PM,https://www.redfin.com/CA/San-Jose/3965-Yolo-Dr-95136/home/866088,MLSListings,ML81914481,N,Y,37.272091,-121.858052
MLS Listing,,Vacant Land,0 E Roosevelt Rd,El Nido,CA,95317,340000,,,El Nido,,5379660,,1,,,Active,,,https://www.redfin.com/CA/El-Nido/0-E-Roosevelt-Rd-95317/home/183385554,CRMLS,MC22256000,N,Y,37.1421664,-120.4919176
MLS Listing,,Single Family Residential,711 Somerset Ln,Foster City,CA,94404,2388000,4,2.5,FOSTER CITY,2350,5184,1979,1,1016,170,Active,December-17-2022 01:00 PM,December-17-2022 04:00 PM,https://www.redfin.com/CA/Foster-City/711-Somerset-Ln-94404/home/1344031,MLSListings,ML81914988,N,Y,37.5422172,-122.2615116
MLS Listing,,Single Family Residential,2075 Chancellor Ave,Tulare,CA,93274,439820,3,2.0,Tulare,1890,6641,2022,1,233,,Active,,,https://www.redfin.com/CA/Unknown/2075-Tulare-Ave-93274/home/183370537,TCMLS,221509,N,Y,36.247488,-119.317771
MLS Listing,,Single Family Residential,3618 E Harter Ct,Visalia,CA,93292,364990,3,2.0,Visalia,1552,5575,2022,1,235,,Active,,,https://www.redfin.com/CA/Visalia/3618-E-Harter-Ct-93292/home/126128135,TCMLS,221508,N,Y,36.312342,-119.25248
MLS Listing,,Single Family Residential,9255 Byron Hwy,Brentwood,CA,94513,1199000,3,2.0,Brentwood,1494,1996660,1968,1,803,,Active,,,https://www.redfin.com/CA/Brentwood/9255-Byron-Hwy-94513/home/143417640,"bridgeMLS, Bay East AOR, or Contra Costa AOR",41015819,N,Y,37.949039,-121.638456
MLS Listing,,Single Family Residential,1437 San Raymundo Rd,Hillsborough,CA,94010,4298000,5,3.0,HILLSBOROUGH,4480,24192,1963,1,959,,Active,December-17-2022 01:00 PM,December-17-2022 04:00 PM,https://www.redfin.com/CA/Hillsborough/1437-San-Raymundo-Rd-94010/home/693237,MLSListings,ML81914984,N,Y,37.5529873,-122.360478
MLS Listing,,Single Family Residential,1147 W Lansing Way Way,Fresno,CA,93705,269000,3,1.0,Fresno,1030,6050,2017,1,261,,Active,,,https://www.redfin.com/CA/Fresno/1147-W-Lansing-Way-93705/home/72692873,FRESNOMLS,588572,N,Y,36.7872284,-119.8251701
MLS Listing,,Vacant Land,W 62nd St,Rosamond,CA,93560,25000,,,Rosamond,,108900,,1,,,Active,,,https://www.redfin.com/CA/Rosamond/62nd-St-93560/home/91559846,AVMLS,22010764,N,Y,34.86989,-118.241394
MLS Listing,,Single Family Residential,1737 8th St,Los Osos,CA,93402,839000,3,2.0,OSOS - Los Osos,1653,9375,1984,1,508,,Active,,,https://www.redfin.com/CA/Los-Osos/1737-8th-St-93402/home/51634151,CRMLS,SC22256185,N,Y,35.3200546,-120.8347078
MLS Listing,,Single Family Residential,1017 Mariposa St,Vallejo,CA,94590,599000,3,1.0,Vallejo,1218,6970,1942,1,492,,Active,December-17-2022 01:00 PM,December-17-2022 03:00 PM,https://www.redfin.com/CA/Vallejo/1017-Mariposa-St-94590/home/2223939,BAREIS,322104577,N,Y,38.1141072,-122.2319583
MLS Listing,,Single Family Residential,21 Alta Dr,La Selva Beach,CA,95076,1289000,3,2.0,LA SELVA BEACH,1323,12894,1962,1,974,,Active,December-18-2022 12:00 PM,December-18-2022 03:00 PM,https://www.redfin.com/CA/La-Selva-Beach/21-Alta-Dr-95076/home/2321602,MLSListings,ML81913949,N,Y,36.9468754,-121.8512575
MLS Listing,,Multi-Family (2-4 Unit),130 Bixby St,Santa Cruz,CA,95060,1599999,8,4.0,SANTA CRUZ,2880,4661,1964,1,556,,Active,,,https://www.redfin.com/CA/Santa-Cruz/130-Bixby-St-95060/home/2157041,MLSListings,ML81914972,N,Y,36.9697775,-122.0173922
MLS Listing,,Ranch,16100 El Rio Dr,Visalia,CA,93292,2700000,3,2.0,Visalia,1262,3310560,1930,1,2139,,Active,,,https://www.redfin.com/CA/Visalia/16100-El-Rio-Dr-93292/home/183384997,TCMLS,221507,N,Y,36.3585968,-119.2136309
MLS Listing,,Single Family Residential,776 - 778 14th St,San Francisco,CA,94114,2195000,6,3.0,San Francisco,3260,2500,1900,1,673,,Active,December-18-2022 01:00 PM,December-18-2022 03:00 PM,https://www.redfin.com/CA/San-Francisco/776-14th-St-94114/home/703149,San Francisco MLS,422712464,N,Y,37.7678517,-122.4306822
MLS Listing,,Single Family Residential,5492 E Belmont Ave,Fresno,CA,93727,335000,3,1.75,Fresno,1872,9085,1955,1,179,,Active,,,https://www.redfin.com/CA/Fresno/5492-E-Belmont-Ave-93727/home/96063354,FRESNOMLS,588573,N,Y,36.7501482,-119.7050701
MLS Listing,,Multi-Family (2-4 Unit),1412 10th St,Oakland,CA,94607,795000,6,2.5,Oakland,2641,3330,1883,1,301,,Active,,,https://www.redfin.com/CA/Oakland/1412-10th-St-94607/home/1725628,"bridgeMLS, Bay East AOR, or Contra Costa AOR",41015809,N,Y,37.8081453,-122.2930119
MLS Listing,,Single Family Residential,57221 Thunder Way,North Fork,CA,93643,485000,3,2.0,YG50 - North Fork,1653,325393,2005,1,293,,Active,,,https://www.redfin.com/CA/North-Fork/57221-Thunder-Way-93643/home/77556476,CRMLS,FR22256640,N,Y,37.2558606,-119.5031801
MLS Listing,,Single Family Residential,2497 Sawgrass Ave,Tulare,CA,93274,409015,4,3.0,Tulare,1862,5933,2023,1,220,,Active,December-17-2022 11:00 AM,December-17-2022 02:00 PM,https://www.redfin.com/CA/Unknown/2497-Tulare-Ave-93274/home/183384831,TCMLS,221506,N,Y,36.21543,-119.311253
MLS Listing,,Single Family Residential,1330 Cordelia Ave,San Jose,CA,95129,2450000,4,2.5,SAN JOSE,2247,9233,1960,1,1090,,Active,December-17-2022 02:00 PM,December-17-2022 04:00 PM,https://www.redfin.com/CA/San-Jose/1330-Cordelia-Ave-95129/home/1581662,MLSListings,ML81914981,N,Y,37.3005839,-121.9954286
MLS Listing,,Single Family Residential,501 T St,Bakersfield,CA,93304,195000,3,2.0,Bakersfield,1210,19166,1955,1,161,,Active,,,https://www.redfin.com/CA/Bakersfield/501-T-St-93304/home/69753925,GEMLS,202213040,N,Y,35.3621859,-119.0075523
MLS Listing,,Single Family Residential,8795 San Gabriel Rd,Atascadero,CA,93422,849000,3,2.0,ATSC - Atascadero,1556,87120,1976,1,546,,Active,,,https://www.redfin.com/CA/Atascadero/8795-San-Gabriel-Rd-93422/home/51641007,CRMLS,SC22256009,N,Y,35.459732,-120.663776
MLS Listing,,Single Family Residential,10764 E Dinuba Ave,Selma,CA,93662,349900,3,2.75,Selma,1876,41382,1955,1,187,,Active,,,https://www.redfin.com/CA/Selma/10764-E-Dinuba-Ave-93662/home/96022572,FRESNOMLS,588561,N,Y,36.5909526,-119.5964392
MLS Listing,,Single Family Residential,1037 Pioneer Trail Rd,Paso Robles,CA,93446,561777,4,2.0,PRIC - PR Inside City Limit,1383,11049,1998,1,406,,Active,December-18-2022 11:00 AM,December-18-2022 01:00 PM,https://www.redfin.com/CA/Paso-Robles/1037-Pioneer-Trail-Rd-93446/home/51622430,CRMLS,NS22256461,N,Y,35.6042393,-120.6416734
MLS Listing,,Mobile/Manufactured Home,1220 Vienna Dr #479,Sunnyvale,CA,94089,239000,3,2.0,SUNNYVALE,1440,,1973,1,166,,Active,December-17-2022 01:00 PM,December-17-2022 04:00 PM,https://www.redfin.com/CA/Sunnyvale/1220-Vienna-Dr-94089/unit-479/home/2122852,MLSListings,ML81914503,N,Y,37.4014717,-121.9983825
MLS Listing,,Single Family Residential,2700 Roosevelt Ave,Richmond,CA,94804,625000,2,1.0,Richmond,1332,5000,1938,1,469,,Active,,,https://www.redfin.com/CA/Richmond/2700-Roosevelt-Ave-94804/home/1964342,"bridgeMLS, Bay East AOR, or Contra Costa AOR",41015812,N,Y,37.9390814,-122.3418167
MLS Listing,,Single Family Residential,3519 W Howard Ave,Visalia,CA,93277,359000,3,2.0,Visalia,2212,9963,1973,1,162,,Active,,,https://www.redfin.com/CA/Visalia/3519-W-Howard-Ave-93277/home/125363717,TCMLS,221504,N,Y,36.3181684,-119.3298579
MLS Listing,,Single Family Residential,200 Butte Dr,Los Osos,CA,93402,2699000,2,2.0,OSOS - Los Osos,2097,13911,1975,1,1287,,Active,,,https://www.redfin.com/CA/Los-Osos/200-Butte-Dr-93402/home/49847902,CRMLS,SC22255558,N,Y,35.3177427,-120.8565562
MLS Listing,,Single Family Residential,24790 Lower Trl,Carmel,CA,93923,1950000,5,3.0,CARMEL,2108,4000,1980,1,925,,Active,,,https://www.redfin.com/CA/Carmel-By-The-Sea/24790-Lower-Trl-93923/home/14938787,MLSListings,ML81914979,N,Y,36.5633774,-121.9150209
MLS Listing,,Single Family Residential,1325 Brookdale Ave,Mountain View,CA,94040,5595000,4,5.5,MOUNTAIN VIEW,4076,11991,2022,1,1373,,Active,,,https://www.redfin.com/CA/Mountain-View/1325-Brookdale-Ave-94040/home/1351042,MLSListings,ML81914978,N,Y,37.37897,-122.0897362
MLS Listing,,Single Family Residential,2618 Renegade Ave,Bakersfield,CA,93306,314900,3,2.0,Bakersfield,1291,7405,1956,1,244,,Active,,,https://www.redfin.com/CA/Bakersfield/2618-Renegade-Ave-93306/home/69884533,GEMLS,202212478,N,Y,35.4029632,-118.9636197
MLS Listing,,Single Family Residential,7119 Blue Hill Dr,San Jose,CA,95129,1888000,3,2.0,SAN JOSE,1335,6027,1959,1,1414,,Active,December-17-2022 02:00 PM,December-17-2022 04:00 PM,https://www.redfin.com/CA/San-Jose/7119-Blue-Hill-Dr-95129/home/713808,MLSListings,ML81914977,N,Y,37.304805,-122.0289829
MLS Listing,,Single Family Residential,1910 Live Oak Rd,Paso Robles,CA,93446,3390000,4,3.0,PRNW - PR North 46-West 101,2389,1502820,1939,1,1419,,Active,,,https://www.redfin.com/CA/Paso-Robles/1910-Live-Oak-Rd-93446/home/51630291,CRMLS,NS22253458,N,Y,35.594477,-120.729454
MLS Listing,,Single Family Residential,457 Athol Ave,Oakland,CA,94606-1417,699000,3,1.0,Cleveland Heights,1192,3440,1922,1,586,,Active,December-17-2022 02:00 PM,December-17-2022 04:00 PM,https://www.redfin.com/CA/Oakland/457-Athol-Ave-94606/home/943574,"bridgeMLS, Bay East AOR, or Contra Costa AOR",41015808,N,Y,37.8033975,-122.245902
MLS Listing,,Mobile/Manufactured Home,3860 S Higuera Unit A26,San Luis Obispo,CA,93401,320000,3,2.0,SLO - San Luis Obispo,1224,,2000,1,261,,Active,,,https://www.redfin.com/CA/San-Luis-Obispo/3860-S-Higuera-St-93401/unit-A26/home/161174783,CRMLS,SC22241964,N,Y,35.2504239,-120.6741473
MLS Listing,,Condo/Co-op,8000 Kroll Way #11,Bakersfield,CA,93311,350000,2,2.0,Bakersfield,1160,4356,1984,1,302,299,Active,,,https://www.redfin.com/CA/Bakersfield/8000-Kroll-Way-93311/unit-11/home/69888071,GEMLS,202212699,N,Y,35.3509248,-119.0940097
MLS Listing,,Single Family Residential,718 Florito Way,Delano,CA,93215,340000,3,2.0,Delano,1328,5662,2003,1,256,,Active,December-18-2022 12:00 PM,December-18-2022 03:00 PM,https://www.redfin.com/CA/Delano/718-Florito-Way-93215/home/60508253,GEMLS,202213075,N,Y,35.7637985,-119.2630755
MLS Listing,,Single Family Residential,5633 N Millbrook Ave,Fresno,CA,93710,385000,3,1.75,Fresno,1593,9360,1959,1,242,,Active,,,https://www.redfin.com/CA/Fresno/5633-N-Millbrook-Ave-93710/home/58289753,FRESNOMLS,588569,N,Y,36.8200998,-119.7620117
MLS Listing,,Single Family Residential,168 Del Monte Dr,Walnut Creek,CA,94595,2800000,5,4.5,Stoneridge Estates,4814,14742,2007,1,582,100,Active,December-17-2022 02:00 PM,December-17-2022 05:00 PM,https://www.redfin.com/CA/Walnut-Creek/168-Del-Monte-Dr-94595/home/12110897,"bridgeMLS, Bay East AOR, or Contra Costa AOR",41015410,N,Y,37.8839812,-122.0643469
MLS Listing,,Single Family Residential,240 Meadowlark Ln,Aptos,CA,95003,1299000,3,2.0,APTOS,1906,7710,1971,1,682,,Active,December-17-2022 01:30 PM,December-17-2022 04:00 PM,https://www.redfin.com/CA/Aptos/240-Meadowlark-Ln-95003/home/2319270,MLSListings,ML81913375,N,Y,36.9723765,-121.8945485
MLS Listing,,Vacant Land,14812 Ward Dr,Pine Mtn Club,CA,93225,169000,,,PMCL - Pine Mountain Club,,12079,,1,,149,Active,,,https://www.redfin.com/CA/Frazier-Park/14812-Ward-Dr-93225/home/160898061,CRISNet,SR22255470,N,Y,34.852603,-119.141012
MLS Listing,,Single Family Residential,171 Lake Dr,San Bruno,CA,94066,1395000,5,3.0,SAN BRUNO,1740,5000,1964,1,802,,Active,December-17-2022 02:00 PM,December-17-2022 04:00 PM,https://www.redfin.com/CA/San-Bruno/171-Lake-Dr-94066/home/2050161,MLSListings,ML81914822,N,Y,37.6205668,-122.4521865
MLS Listing,,Vacant Land,148 Casserly,Watsonville,CA,95076,1280000,,,WATSONVILLE,,456073,,1,,,Active,,,https://www.redfin.com/CA/Watsonville/148-Casserly-Rd-95076/home/183382978,MLSListings,ML81914973,N,Y,36.9630415,-121.7318158
MLS Listing,,Single Family Residential,5512 Thayer Ln,San Ramon,CA,94582,2525000,5,4.5,Windemere,4060,6770,2007,1,622,,Active,December-17-2022 02:00 PM,December-17-2022 04:00 PM,https://www.redfin.com/CA/San-Ramon/5512-Thayer-Ln-94582/home/17167516,"bridgeMLS, Bay East AOR, or Contra Costa AOR",41015806,N,Y,37.7434657,-121.8885684
MLS Listing,,Condo/Co-op,3300 La Terrace Cir,San Jose,CA,95123,488000,1,1.0,SAN JOSE,650,2398,1985,1,751,545,Active,December-17-2022 01:00 PM,December-17-2022 04:00 PM,https://www.redfin.com/CA/San-Jose/3300-La-Terrace-Cir-95123/home/1530802,MLSListings,ML81914971,N,Y,37.242537,-121.868551
MLS Listing,,Condo/Co-op,1909 Skycrest Dr #7,Walnut Creek,CA,94595,399000,2,1.0,Rossmoor,1054,,1970,1,379,934,Active,,,https://www.redfin.com/CA/Walnut-Creek/1909-Skycrest-Dr-94595/unit-7/home/167233137,"bridgeMLS, Bay East AOR, or Contra Costa AOR",41015805,N,Y,37.8762334,-122.0881384
MLS Listing,,Single Family Residential,30530 Aurora Del Mar,Carmel,CA,93923,12000000,3,2.5,CARMEL,3048,43560,1983,1,3937,42,Active,,,https://www.redfin.com/CA/Carmel-By-The-Sea/30530-Aurora-Del-Mar-93923/home/14889377,MLSListings,ML81914970,N,Y,36.4801934,-121.9381339
MLS Listing,,Single Family Residential,829 E 12Th St,Pittsburg,CA,94565,400000,3,1.0,Pittsburg,1196,4300,1926,1,334,,Active,,,https://www.redfin.com/CA/Pittsburg/829-E-12th-St-94565/home/1390901,"bridgeMLS, Bay East AOR, or Contra Costa AOR",41015804,N,Y,38.0229597,-121.8737611
MLS Listing,,Single Family Residential,7050 W Ave A 4,Lancaster,CA,93536,649900,4,3.0,Lancaster,2480,109336,1990,1,262,,Active,December-17-2022 02:00 AM,December-17-2022 04:00 PM,https://www.redfin.com/CA/Lancaster/7050-W-Ave-A-4-93536/home/6371944,AVMLS,22010761,N,Y,34.8161435,-118.2572077
MLS Listing,,Single Family Residential,241 Weathermark Ct,Vallejo,CA,94591,599000,4,2.5,Vallejo,1960,5976,1990,1,306,,Active,December-17-2022 01:00 PM,December-17-2022 03:00 PM,https://www.redfin.com/CA/Vallejo/241-Weathermark-Ct-94591/home/2323005,BAREIS,322104604,N,Y,38.0665958,-122.2006999
MLS Listing,,Multi-Family (2-4 Unit),4874 Birkdale Cir,Fairfield,CA,94534,699000,4,3.0,Fairfield,2716,9466,1988,1,257,,Active,December-17-2022 01:00 PM,December-17-2022 03:00 PM,https://www.redfin.com/CA/Fairfield/4874-Birkdale-Cir-94534/home/2589845,BAREIS,322104166,N,Y,38.1864074,-122.1371254
MLS Listing,,Single Family Residential,5787 E Tarpey Dr,Fresno,CA,93727,175000,3,1.5,Fresno,1084,9000,1960,1,161,,Active,,,https://www.redfin.com/CA/Fresno/5787-E-Tarpey-Dr-93727/home/58319120,FRESNOMLS,588537,N,Y,36.7971266,-119.6919003
MLS Listing,,Single Family Residential,2008 Duval Ln,Hayward,CA,94545,899000,3,2.0,HAYWARD,1119,5300,1956,1,803,,Active,December-17-2022 01:00 PM,December-17-2022 04:00 PM,https://www.redfin.com/CA/Hayward/2008-Duval-Ln-94545/home/1839812,MLSListings,ML81914969,N,Y,37.6309488,-122.0902022
MLS Listing,,Mobile/Manufactured Home,29269 Nantucket Way,Hayward,CA,94544,278000,2,2.0,Hayward,1780,,,1,156,,Active,,,https://www.redfin.com/CA/Hayward/29269-Nantucket-Way-94544/home/25510148,"bridgeMLS, Bay East AOR, or Contra Costa AOR",41015802,N,Y,37.6237999,-122.061417
MLS Listing,,Single Family Residential,3389 E Olive Ave,Merced,CA,95340,725000,3,2.0,Merced,2249,213444,1968,1,322,,Active,,,https://www.redfin.com/CA/Merced/3389-E-Olive-Ave-95340/home/19701438,CRMLS,MC22231058,N,Y,37.3180512,-120.4264458
MLS Listing,,Single Family Residential,24608 Road 15 1/2,Chowchilla,CA,93610,295000,2,1.0,Chowchilla,1251,88426,1942,1,236,,Active,,,https://www.redfin.com/CA/Chowchilla/24608-Rd-15-1-2-93610/home/72683088,CRMLS,MD22256563,N,Y,37.1075622,-120.2661687
MLS Listing,,Single Family Residential,7611 De Colores Ct,Bakersfield,CA,93309,565000,4,3.0,Bakersfield,2674,14374,1977,1,211,,Active,,,https://www.redfin.com/CA/Bakersfield/7611-De-Colores-Ct-93309/home/69872000,GEMLS,202211499,N,Y,35.3507191,-119.0882182
MLS Listing,,Single Family Residential,3234 Amber Dr,Paso Robles,CA,93446,689000,3,2.0,PRSE - PR South 46-East 101,1425,6673,1986,1,484,54,Active,December-17-2022 12:00 PM,December-17-2022 03:00 PM,https://www.redfin.com/CA/Paso-Robles/3234-Amber-Dr-93446/home/51634771,CRMLS,NS22243618,N,Y,35.5731987,-120.7035362
MLS Listing,,Single Family Residential,1496 W Dovewood Ln,Fresno,CA,93711,429000,3,2.0,Fresno,1751,12800,1957,1,245,,Active,December-17-2022 12:00 PM,December-17-2022 03:00 PM,https://www.redfin.com/CA/Fresno/1496-W-Dovewood-Ln-93711/home/96041831,FRESNOMLS,588472,N,Y,36.818065,-119.819495
MLS Listing,,Single Family Residential,21970 Bear Creek Way,Los Gatos,CA,95033,607650,1,1.0,LOS GATOS,1177,58937,1969,1,516,,Active,,,https://www.redfin.com/CA/Los-Gatos/21970-Bear-Creek-Way-95033/home/2397299,MLSListings,ML81914755,N,Y,37.1734069,-122.0676541
MLS Listing,,Single Family Residential,2087 Amanecer Ave #35,Clovis,CA,93619,485990,3,2.0,Clovis,1787,,2023,1,272,,Active,,,https://www.redfin.com/CA/Clovis/2087-Amanecer-Ave-93619/unit-35/home/183381694,FRESNOMLS,588567,N,Y,36.8073406,-119.6358428
MLS Listing,,Single Family Residential,41535 Roberts Ave,Fremont,CA,94538,1488888,4,2.5,Irvington Area,1714,5000,1954,1,869,,Active,December-17-2022 01:30 PM,December-17-2022 04:00 PM,https://www.redfin.com/CA/Fremont/41535-Roberts-Ave-94538/home/1865010,"bridgeMLS, Bay East AOR, or Contra Costa AOR",41015800,N,Y,37.5276708,-121.9559098
MLS Listing,,Single Family Residential,2324 E La Quinta Dr,Fresno,CA,93730,619000,5,2.75,Fresno,2405,6200,1998,1,257,,Active,,,https://www.redfin.com/CA/Fresno/2324-E-La-Quinta-Dr-93730/home/58320428,FRESNOMLS,588526,N,Y,36.8819984,-119.7419027
MLS Listing,,Single Family Residential,145 Berkshire Dr,Morgan Hill,CA,95037,999000,3,2.0,MORGAN HILL,1374,5500,1988,1,727,,Active,December-17-2022 12:00 PM,December-17-2022 03:00 PM,https://www.redfin.com/CA/Morgan-Hill/145-Berkshire-Dr-95037/home/1014485,MLSListings,ML81914963,N,Y,37.1425225,-121.665673
MLS Listing,,Single Family Residential,1867 Vassar Ave,Merced,CA,95341,635000,3,2.0,Merced,1452,435600,1930,1,437,,Active,,,https://www.redfin.com/CA/Merced/1867-Vassar-Ave-95341/home/183370427,CRMLS,MC22256536,N,Y,37.2651747,-120.4541006
MLS Listing,,Condo/Co-op,1232 Leisure Ln #5,Walnut Creek,CA,94595,559000,2,1.0,Walnut Creek,1262,,1964,1,443,956,Active,,,https://www.redfin.com/CA/Walnut-Creek/1232-Leisure-Ln-94595/unit-5/home/1419052,"bridgeMLS, Bay East AOR, or Contra Costa AOR",41015799,N,Y,37.8624584,-122.0741127
MLS Listing,,Single Family Residential,713 Orange St,Hanford,CA,93230,365000,3,2.0,Hanford,1806,9291,1995,1,202,,Active,December-18-2022 11:00 AM,December-18-2022 01:00 PM,https://www.redfin.com/CA/Hanford/713-Orange-St-93230/home/179238325,KCBOR,225315,N,Y,36.3595298,-119.6361928
MLS Listing,,Single Family Residential,713 W Orange St,Hanford,CA,93230,365000,3,2.0,Hanford,1806,9291,1995,1,202,,Active,December-18-2022 11:00 AM,December-18-2022 01:00 PM,https://www.redfin.com/CA/Hanford/713-W-Orange-St-93230/home/118940569,FRESNOMLS,588532,N,Y,36.3590021,-119.6553941
MLS Listing,,Single Family Residential,1342 Knolls Creek Dr,Danville,CA,94506,2099000,5,4.0,Wendt Ranch,3964,6630,2006,1,530,100,Active,,,https://www.redfin.com/CA/Danville/1342-Knolls-Creek-Dr-94506/home/12119448,"bridgeMLS, Bay East AOR, or Contra Costa AOR",41015798,N,Y,37.797372,-121.8861229
MLS Listing,,Townhouse,433 Sycamore Hill Dr,Danville,CA,94526,1150000,3,2.5,Sycamore Homes,1673,2210,1974,1,687,398,Active,December-18-2022 01:30 PM,December-18-2022 04:00 PM,https://www.redfin.com/CA/Danville/433-Sycamore-Hill-Dr-94526/home/1878802,"bridgeMLS, Bay East AOR, or Contra Costa AOR",41015328,N,Y,37.817836,-121.976972
MLS Listing,,Single Family Residential,6601 E Liberty Ave #80,Fresno,CA,93727,453800,4,2.5,Fresno,2240,,2022,1,203,,Active,,,https://www.redfin.com/CA/Fresno/6601-E-Liberty-Ave-93727/unit-80/home/183381349,FRESNOMLS,588563,N,Y,36.7312431,-119.6708966
MLS Listing,,Single Family Residential,1390 Hampshire St,San Francisco,CA,94110,2595000,4,4.5,San Francisco,2563,2596,1926,1,1012,,Active,December-17-2022 02:00 PM,December-17-2022 04:00 PM,https://www.redfin.com/CA/San-Francisco/1390-Hampshire-St-94110/home/1911857,San Francisco MLS,422712463,N,Y,37.750045,-122.407296
MLS Listing,,Multi-Family (5+ Unit),1316 Vallejo St,San Francisco,CA,94109,4200000,0,,San Francisco,5088,,1908,1,825,,Active,,,https://www.redfin.com/CA/San-Francisco/1316-Vallejo-St-94109/home/1616689,San Francisco MLS,422712467,N,Y,37.7974713,-122.4191652
MLS Listing,,Single Family Residential,1292 62nd,Oakland,CA,94621,350000,2,1.0,E Oakland,654,2400,1922,1,535,,Active,,,https://www.redfin.com/CA/Oakland/1292-62nd-Ave-94621/home/618718,"bridgeMLS, Bay East AOR, or Contra Costa AOR",41015797,N,Y,37.7623625,-122.1992479
MLS Listing,,Single Family Residential,5431 Fairway Ct,Discovery Bay,CA,94505,950000,3,2.5,Discovery Bay Cc,3183,7200,1989,1,298,135,Active,December-17-2022 01:00 PM,December-17-2022 04:00 PM,https://www.redfin.com/CA/Discovery-Bay/5431-Fairway-Ct-94505/home/1793853,"bridgeMLS, Bay East AOR, or Contra Costa AOR",41015796,N,Y,37.8977595,-121.5966184
MLS Listing,,Single Family Residential,8093 N Angus St,Fresno,CA,93720,439900,3,2.0,Fresno,1690,6000,1986,1,260,,Active,December-17-2022 12:00 PM,December-17-2022 03:00 PM,https://www.redfin.com/CA/Fresno/8093-N-Angus-St-93720/home/58312480,FRESNOMLS,588476,N,Y,36.8532985,-119.7799469
MLS Listing,,Single Family Residential,2748 N Arthur Ave,Fresno,CA,93705,435000,3,2.5,Fresno,1870,7192,1952,1,233,,Active,,,https://www.redfin.com/CA/Fresno/2748-N-Arthur-Ave-93705/home/58318489,FRESNOMLS,588562,N,Y,36.7755916,-119.8149962
MLS Listing,,Single Family Residential,3128 Stevenson Dr,Pebble Beach,CA,93953,1499000,3,2.5,PEBBLE BEACH,2220,10000,1962,1,675,,Active,,,https://www.redfin.com/CA/Pebble-Beach/3128-Stevenson-Dr-93953/home/14942276,MLSListings,ML81914961,N,Y,36.5912674,-121.9527214
MLS Listing,,Single Family Residential,2517 N Hermosa Ct,Visalia,CA,93291,284900,3,2.0,Visalia,1184,10899,1983,1,241,,Active,,,https://www.redfin.com/CA/Visalia/2517-N-Hermosa-Ct-93291/home/125904424,TCMLS,221502,N,Y,36.352598,-119.2911555
MLS Listing,,Single Family Residential,6116 Hillbrook Pl,Dublin,CA,94568,1299000,3,3.5,Roxbury,1719,1921,2006,1,756,213,Active,December-17-2022 01:00 PM,December-17-2022 04:00 PM,https://www.redfin.com/CA/Dublin/6116-Hillbrook-Pl-94568/home/12114820,"bridgeMLS, Bay East AOR, or Contra Costa AOR",41015355,N,Y,37.7222197,-121.8753175
MLS Listing,,Condo/Co-op,305 W Bullard Ave #103,Fresno,CA,93704,389000,3,2.0,Fresno,1587,2560,1981,1,245,460,Active,December-18-2022 01:00 PM,December-18-2022 04:00 PM,https://www.redfin.com/CA/Fresno/305-W-Bullard-Ave-93704/unit-103/home/96041860,FRESNOMLS,587910,N,Y,36.8224131,-119.7972691
MLS Listing,,Single Family Residential,8832 Crawford Ave,Reedley,CA,93654,400000,2,1.0,Reedley,1219,43560,1930,1,328,,Active,,,https://www.redfin.com/CA/Reedley/8832-Crawford-Ave-93654/home/72689293,FRESNOMLS,588470,N,Y,36.6057317,-119.3761961
MLS Listing,,Single Family Residential,1234 54Th St,Emeryville,CA,94608,799000,4,2.0,Emeryville,1760,4854,1944,1,454,,Active,,,https://www.redfin.com/CA/Emeryville/1234-54th-St-94608/home/1965344,"bridgeMLS, Bay East AOR, or Contra Costa AOR",41015795,N,Y,37.8373668,-122.2856139
MLS Listing,,Single Family Residential,1560 Fir Ave,Clovis,CA,93611,399900,4,2.0,Clovis,1524,6000,1992,1,262,,Active,December-17-2022 12:00 PM,December-17-2022 03:00 PM,https://www.redfin.com/CA/Clovis/1560-Fir-Ave-93611/home/58299966,FRESNOMLS,588474,N,Y,36.8387097,-119.6886868
MLS Listing,,Single Family Residential,1049 Kramer St,San Leandro,CA,94579,949000,3,2.0,Washington Manor,1405,8454,1959,1,675,,Active,December-18-2022 01:00 PM,December-18-2022 04:00 PM,https://www.redfin.com/CA/San-Leandro/1049-Kramer-St-94579/home/1593989,"bridgeMLS, Bay East AOR, or Contra Costa AOR",41015091,N,Y,37.6820689,-122.144822
MLS Listing,,Single Family Residential,1624 Sausalito Dr,Hollister,CA,95023,675000,3,2.0,HOLLISTER,1875,6299,1975,1,360,,Active,,,https://www.redfin.com/CA/Hollister/1624-Sausalito-Dr-95023/home/14965613,MLSListings,ML81914960,N,Y,36.8307014,-121.3724107
MLS Listing,,Single Family Residential,3812 Moore,Ceres,CA,95307,449000,3,1.0,Ceres,1212,72745,1934,1,370,,Active,December-17-2022 11:00 AM,December-17-2022 01:00 PM,https://www.redfin.com/CA/Ceres/3812-Moore-Rd-95307/home/19931406,MetroList,222148424,N,Y,37.5825118,-120.935891
MLS Listing,,Vacant Land,22345 Sycamore St,Chowchilla,CA,93610,95000,,,Chowchilla,,40946,,1,,,Active,,,https://www.redfin.com/CA/Chowchilla/22345-Sycamore-St-93610/home/77547921,FRESNOMLS,588405,N,Y,37.073703,-120.1894402
MLS Listing,,Vacant Land,0 - Lot 24 Nevada Ave,Los Banos,CA,93635,80000,,,Los Banos,,6472,,1,,,Active,,,https://www.redfin.com/CA/Los-Banos/0-Lot-24-Nevada-Ave-93635/home/183380806,MetroList,222146958,N,Y,37.060912,-120.856176
MLS Listing,,Vacant Land,0 - Lot 27 Arizona Ave,Los Banos,CA,93635,80000,,,Los Banos,,6471,,1,,,Active,,,https://www.redfin.com/CA/Los-Banos/0-Lot-27-Arizona-Ave-93635/home/183380805,MetroList,222147211,N,Y,37.0609139,-120.8573
MLS Listing,,Vacant Land,0 - Lot 28 Arizona Ave,Los Banos,CA,93635,80000,,,Los Banos,,6471,,1,,,Active,,,https://www.redfin.com/CA/Los-Banos/0-Lot-28-Arizona-Ave-93635/home/183380804,MetroList,222147213,N,Y,37.0609139,-120.8573
MLS Listing,,Vacant Land,0 - Lot 25 Nevada Ave,Los Banos,CA,93635,80000,,,Los Banos,,6472,,1,,,Active,,,https://www.redfin.com/CA/Los-Banos/0-Lot-25-Nevada-Ave-93635/home/183380803,MetroList,222147208,N,Y,37.060912,-120.856176
MLS Listing,,Condo/Co-op,811 York St #313,Oakland,CA,94610,699000,2,2.0,Grand Lake,1122,,1975,1,623,719,Active,December-18-2022 01:00 PM,December-18-2022 04:00 PM,https://www.redfin.com/CA/Oakland/811-York-St-94610/unit-313/home/1687903,"bridgeMLS, Bay East AOR, or Contra Costa AOR",41015794,N,Y,37.8130636,-122.2440847
MLS Listing,,Vacant Land,0 Abarth Ave & 118th West,Rosamond,CA,93560,10000,,,ROSA - Rosamond,,90169,,1,,,Active,,,https://www.redfin.com/CA/Rosamond/Abarth-Ave-93560/home/108721541,CRISNet,SR22256481,N,Y,34.850815,-118.339138
MLS Listing,,Single Family Residential,3120 Barnett St,Bakersfield,CA,93308,349999,3,2.0,Bakersfield,,,1955,1,,,Active,,,https://www.redfin.com/CA/Bakersfield/3120-Barnett-St-93308/home/69787255,GEMLS,202213070,N,Y,35.4350217,-119.0146346
MLS Listing,,Single Family Residential,645 E Champlain Dr #108,Fresno,CA,93730,425000,2,2.0,Fresno,1696,4500,1988,1,251,145,Active,December-17-2022 01:00 PM,December-17-2022 04:00 PM,https://www.redfin.com/CA/Fresno/645-E-Champlain-Dr-93730/unit-108/home/96031219,CRMLS,FR22256186,N,Y,36.8768801,-119.7727098
MLS Listing,,Vacant Land,7350 Sonora Ave,Atascadero,CA,93422,245000,,,ATSC - Atascadero,,31408,,1,,,Active,,,https://www.redfin.com/CA/Atascadero/7350-Sonora-Ave-93422/home/183380688,CRMLS,SC22251985,N,Y,35.4876077,-120.6544897
MLS Listing,,Single Family Residential,10834 Avenida Frasca Dr,Bakersfield,CA,93311,465000,4,2.0,Bakersfield,2002,12632,2013,1,232,,Active,,,https://www.redfin.com/CA/Bakersfield/10834-Avenida-Frasca-Dr-93311/home/69746071,GEMLS,202213069,N,Y,35.2898554,-119.12292
MLS Listing,,Single Family Residential,3891 W Stathem St,Riverdale,CA,93656,235000,3,2.0,Riverdale,1210,6420,2001,1,194,,Active,,,https://www.redfin.com/CA/Riverdale/3891-Stathem-St-93656/home/95999614,FRESNOMLS,588551,N,Y,36.4332701,-119.8674858
MLS Listing,,Multi-Family (2-4 Unit),705 Woodrow Ave,Bakersfield,CA,93308,230000,4,3.0,Bakersfield,1512,6098,1946,1,152,,Active,,,https://www.redfin.com/CA/Bakersfield/705-Woodrow-Ave-93308/home/69785378,GEMLS,202213062,N,Y,35.4161042,-119.0349453
MLS Listing,,Single Family Residential,10005 Oak Knoll Dr,Oakdale,CA,95361,965000,4,3.0,Sunset Oaks,2188,43560,1984,1,441,,Active,,,https://www.redfin.com/CA/Oakdale/10005-Oak-Knoll-Ave-95361/home/19988976,MetroList,222148916,N,Y,37.7808068,-120.7838852
MLS Listing,,Single Family Residential,4652 Denevi Dr,San Jose,CA,95130,1349900,3,2.0,SAN JOSE,1692,9430,1961,1,798,,Active,,,https://www.redfin.com/CA/San-Jose/4652-Denevi-Dr-95130/home/872580,MLSListings,ML81914169,N,Y,37.277734,-121.9828792
MLS Listing,,Single Family Residential,1453 Antioch Ct,Merced,CA,95348,385000,3,2.0,Merced,1603,4726,2008,1,240,,Active,December-17-2022 09:00 AM,December-17-2022 12:00 PM,https://www.redfin.com/CA/Merced/1453-Antioch-Ct-95348/home/19650866,CRMLS,MC22256164,N,Y,37.3368829,-120.5002686
MLS Listing,,Single Family Residential,2167 Northampton Dr,San Jose,CA,95124,2100000,4,2.5,SAN JOSE,2347,8030,1964,1,895,,Active,December-17-2022 02:00 PM,December-17-2022 04:00 PM,https://www.redfin.com/CA/San-Jose/2167-Northampton-Dr-95124/home/848923,MLSListings,ML81914785,N,Y,37.2824898,-121.9190882
MLS Listing,,Single Family Residential,1040 Homestead Ave,Hollister,CA,95023,655000,3,2.0,HOLLISTER,1500,7980,1983,1,437,,Active,,,https://www.redfin.com/CA/Hollister/1040-Homestead-Ave-95023/home/14972891,MLSListings,ML81914551,N,Y,36.8440666,-121.4110406
MLS Listing,,Single Family Residential,2734 Redbridge Rd,Tracy,CA,95377,789500,3,2.5,Redbridge,2927,5663,2001,1,270,292,Active,December-17-2022 10:30 AM,December-17-2022 12:30 PM,https://www.redfin.com/CA/Tracy/2734-Redbridge-Rd-95377/home/19735252,MetroList,222146099,N,Y,37.7200419,-121.4668413
MLS Listing,,Single Family Residential,1317 E Church St,Stockton,CA,95205,299900,2,1.5,Stockton,1054,5001,1914,1,285,,Active,,,https://www.redfin.com/CA/Stockton/1317-E-Church-St-95205/home/19796473,MetroList,222148902,N,Y,37.950723,-121.2723155
MLS Listing,,Mobile/Manufactured Home,3660 Walnut Blvd #35,Brentwood,CA,94513,200000,2,2.0,Walnut Acres,1500,480545,1978,1,133,,Active,,,https://www.redfin.com/CA/Brentwood/3660-Walnut-Blvd-94513/unit-35/home/1193556,MetroList,222148663,N,Y,37.927928,-121.694607
MLS Listing,,Single Family Residential,13588 Hoyito Cir,La Grange,CA,95329,399000,2,2.5,La Grange,1276,56628,1981,1,313,8,Active,,,https://www.redfin.com/CA/La-Grange/13588-Hoyito-Cir-95329/home/101098545,MetroList,222148647,N,Y,37.7101146,-120.3479421
MLS Listing,,Single Family Residential,926 Cologne Ct,Lodi,CA,95242,875000,4,3.5,Sunwest,2549,10799,2001,1,343,42,Active,,,https://www.redfin.com/CA/Lodi/926-Cologne-Ct-95242/home/19863290,MetroList,222148132,N,Y,38.1219253,-121.3052144
MLS Listing,,Single Family Residential,2417 Roble Ave,Modesto,CA,95354,375000,3,2.0,Modesto,1024,7285,1972,1,366,,Active,December-17-2022 12:00 PM,December-17-2022 03:00 PM,https://www.redfin.com/CA/Modesto/2417-Roble-Ave-95354/home/19976349,MetroList,222148894,N,Y,37.6437028,-120.9512624
MLS Listing,,Single Family Residential,2506 Sherwood Ave,Modesto,CA,95350,675000,4,3.5,Modesto,3183,11552,1964,1,212,,Active,,,https://www.redfin.com/CA/Modesto/2506-Sherwood-Ave-95350/home/19649848,MetroList,222148847,N,Y,37.6775613,-120.9982713
MLS Listing,,Vacant Land,00 Rd 80,Allensworth,CA,93219,40000,,,Allensworth,,84506,,1,,,Active,,,https://www.redfin.com/CA/Earlimart/Road-80-93219/home/179304284,TCMLS,221501,N,Y,35.797993,-119.39611
MLS Listing,,Single Family Residential,6050 York Mountain Rd,Templeton,CA,93465,2200000,4,2.0,TTON - Templeton,2890,2480742,1980,1,761,,Active,,,https://www.redfin.com/CA/Templeton/6050-York-Mountain-Rd-93465/home/173202782,CRMLS,NS22256451,N,Y,35.545842,-120.803387
MLS Listing,,Single Family Residential,93 Monte Cresta Ave,Pleasant Hill,CA,94523-4228,1099000,4,2.0,Poets Corner,1648,8000,1953,1,667,,Active,December-17-2022 12:00 PM,December-17-2022 03:00 PM,https://www.redfin.com/CA/Pleasant-Hill/93-Monte-Cresta-Ave-94523/home/1704935,"bridgeMLS, Bay East AOR, or Contra Costa AOR",41015793,N,Y,37.9366569,-122.0706282
MLS Listing,,Single Family Residential,2677 N Clover Ave,Fresno,CA,93727,569990,4,3.0,Fresno,2753,9000,,1,207,,Active,,,https://www.redfin.com/CA/Fresno/2677-N-Clover-Ave-93727/home/181800379,FRESNOMLS,588228,N,Y,36.7806396,-119.6648133
MLS Listing,,Single Family Residential,13155 Ridgewood Way,Chowchilla,CA,93610,464990,3,2.5,Chowchilla,2499,15419,,1,186,165,Active,,,https://www.redfin.com/CA/Chowchilla/13155-Ridgewood-Way-93610/home/183379061,FRESNOMLS,588234,N,Y,37.1198968,-120.2242313
MLS Listing,,Single Family Residential,2538 N Carriage Ave,Fresno,CA,93727,574990,4,3.0,Fresno,2753,10870,,1,209,,Active,,,https://www.redfin.com/CA/Fresno/2538-N-Carriage-Ave-93727/home/181800324,FRESNOMLS,588231,N,Y,36.7732152,-119.6702308
MLS Listing,,Single Family Residential,3509 Rexford Dr,Modesto,CA,95356,495000,3,2.0,HYDE PARK NO. 1,1651,7902,1978,1,300,,Active,December-18-2022 01:00 PM,December-18-2022 04:00 PM,https://www.redfin.com/CA/Modesto/3509-Rexford-Dr-95356/home/19955899,BAREIS,222147945,N,Y,37.6896124,-120.9831957
MLS Listing,,Single Family Residential,2539 N Apricot Ave,Fresno,CA,93727,734210,4,4.5,Fresno,3650,10870,,1,201,,Active,,,https://www.redfin.com/CA/Fresno/2539-N-Apricot-Ave-93727/home/181800325,FRESNOMLS,588271,N,Y,36.7729435,-119.669054
MLS Listing,,Single Family Residential,193 S McKenna Ave,Kerman,CA,93630,389990,4,3.0,Kerman,2033,5975,,1,192,,Active,,,https://www.redfin.com/CA/Kerman/193-S-McKenna-Ave-93630/home/183378989,FRESNOMLS,588274,N,Y,36.732097,-120.046142
MLS Listing,,Single Family Residential,131 S 16th St,Kerman,CA,93630,504990,4,3.0,Kerman,3040,6306,,1,166,,Active,,,https://www.redfin.com/CA/Kerman/131-S-16th-St-93630/home/183378926,FRESNOMLS,588279,N,Y,36.7276873,-120.0472164
MLS Listing,,Single Family Residential,8304 Exodus Ln,Bakersfield,CA,93312,520000,4,3.0,Bakersfield,2577,10890,2006,1,202,,Active,,,https://www.redfin.com/CA/Bakersfield/8304-Exodus-Ln-93312/home/69730768,GEMLS,202213067,N,Y,35.4193804,-119.094762
MLS Listing,,Single Family Residential,2504 Haggin Oaks Blvd. Blvd,Bakersfield,CA,93311,599950,2,3.0,Bakersfield,3411,21780,1991,1,176,,Active,December-18-2022 12:00 PM,December-18-2022 03:00 PM,https://www.redfin.com/CA/Bakersfield/2504-Haggin-Oaks-Blvd-93311/home/60515770,GEMLS,202212990,N,Y,35.3318609,-119.0999429
MLS Listing,,Single Family Residential,60 Clarendon Ave,San Francisco,CA,94114,5150000,4,4.5,SAN FRANCISCO,3800,2818,2009,1,1355,,Active,December-18-2022 11:00 AM,December-18-2022 02:00 PM,https://www.redfin.com/CA/San-Francisco/60-Clarendon-Ave-94114/home/17485493,MLSListings,ML81914953,N,Y,37.7589641,-122.4504725
MLS Listing,,Single Family Residential,725 Orestimba Peak Dr,Newman,CA,95360,579000,4,3.0,NEWMAN,2682,7913,2004,1,216,,Active,,,https://www.redfin.com/CA/Newman/725-Orestimba-Peak-Dr-95360/home/19875318,MLSListings,ML81914951,N,Y,37.3270719,-121.0206534
MLS Listing,,Single Family Residential,243 Alyssum Cir,Nipomo,CA,93444,649000,3,2.0,NPMO - Nipomo,1832,6000,1990,1,354,,Active,,,https://www.redfin.com/CA/Nipomo/243-Alyssum-Cir-93444/home/49845918,CRMLS,PI22254973,N,Y,35.0340256,-120.5000432
MLS Listing,,Single Family Residential,118 W Branch St,Nipomo,CA,93444,775000,3,2.0,NPMO - Nipomo,1615,9000,1990,1,480,,Active,,,https://www.redfin.com/CA/Nipomo/118-W-Branch-St-93444/home/49827753,CRMLS,PI22256434,N,Y,35.0428666,-120.4785375
MLS Listing,,Single Family Residential,479 Hillcrest Ave,Livermore,CA,94550,899000,3,2.0,Jensen Tract,1352,5275,1956,1,665,,Active,December-17-2022 12:00 PM,December-17-2022 03:00 PM,https://www.redfin.com/CA/Livermore/479-Hillcrest-Ave-94550/home/1967564,"bridgeMLS, Bay East AOR, or Contra Costa AOR",41015653,N,Y,37.6831449,-121.7486875
MLS Listing,,Condo/Co-op,280 Spear St Unit 19D,San Francisco,CA,94105,1650000,2,2.0,San Francisco,1046,47916,2022,1,1577,1301,Active,December-17-2022 01:00 PM,December-17-2022 03:00 PM,https://www.redfin.com/CA/San-Francisco/280-Spear-St-94105/unit-19D/home/180971395,San Francisco MLS,422712461,N,Y,37.7901615,-122.3913352
MLS Listing,,Single Family Residential,5105 Greenbrier Ave,Bakersfield,CA,93306,300000,3,2.0,Bakersfield,1573,7405,1959,1,191,,Active,,,https://www.redfin.com/CA/Bakersfield/5105-Greenbrier-Ave-93306/home/69904264,GEMLS,202213009,N,Y,35.3837792,-118.9466305
MLS Listing,,Single Family Residential,1844 Delancey Dr,Salinas,CA,93906,645000,3,2.0,SALINAS,1328,6374,1994,1,486,,Active,December-17-2022 11:30 AM,December-17-2022 02:00 PM,https://www.redfin.com/CA/Salinas/1844-Delancey-Dr-93906/home/14891849,MLSListings,ML81914950,N,Y,36.7159314,-121.6487864
MLS Listing,,Single Family Residential,1917 Myrtle Ct,Concord,CA,94521,1599999,5,3.5,CONCORD,3194,26702,2021,1,501,260,Active,December-17-2022 01:00 PM,December-17-2022 04:00 PM,https://www.redfin.com/CA/Concord/1917-Myrtle-Dr-94521/home/176065364,MLSListings,ML81914675,N,Y,37.9672824,-121.9605977
MLS Listing,,Single Family Residential,33032 Mill Creek Way,Coarsegold,CA,93614,514000,3,3.5,Coarsegold,2288,108900,1995,1,225,,Active,December-18-2022 01:00 PM,December-18-2022 04:00 PM,https://www.redfin.com/CA/Coarsegold/33032-Mill-Creek-Way-93614/home/58315096,FRESNOMLS,588550,N,Y,37.2284448,-119.7452054
MLS Listing,,Single Family Residential,283 Madrid St,San Francisco,CA,94112,1150000,2,1.0,Excelsior,750,1300,1922,1,1533,,Active,,,https://www.redfin.com/CA/San-Francisco/283-Madrid-St-94112/home/773261,"bridgeMLS, Bay East AOR, or Contra Costa AOR",41015792,N,Y,37.7249185,-122.4300576
MLS Listing,,Vacant Land,0 Martinez Rd,Lockwood,CA,93932,330000,,,Lockwood,,1742400,,1,,,Active,,,https://www.redfin.com/CA/Lockwood/Martinez-Rd-93932/home/142585053,CRMLS,NS22256420,N,Y,35.986207,-121.09296
MLS Listing,,Vacant Land,5594 Red Ibis Ct,Mariposa,CA,95338,30000,,,MP1 - Mariposa 1,,29620,,1,,,Active,,,https://www.redfin.com/CA/Mariposa/5594-Red-Ibis-Ct-95338/home/161716814,CRMLS,MC22246685,N,Y,37.460447,-119.740258
MLS Listing,,Single Family Residential,221 N M St,Madera,CA,93637,330000,3,2.0,Madera,1575,9395,1947,1,210,,Active,,,https://www.redfin.com/CA/Madera/221-N-M-St-93637/home/72675683,CRMLS,MD22256348,N,Y,36.9579731,-120.0691795
MLS Listing,,Vacant Land,22600 Silver Ridge Rd,Denair,CA,95316,3600000,,,Denair,,1748498,,1,,,Active,,,https://www.redfin.com/CA/Denair/22600-Silver-Ridge-Rd-95316/home/181856347,CRMLS,MC22252589,N,Y,37.5603505,-120.5791058
MLS Listing,,Single Family Residential,16228 Silverleaf Dr,San Lorenzo,CA,94580,925000,3,2.5,Montara,1819,4011,1994,1,509,115,Active,December-17-2022 01:00 PM,December-17-2022 04:00 PM,https://www.redfin.com/CA/San-Lorenzo/16228-Silverleaf-Dr-94580/home/818645,"bridgeMLS, Bay East AOR, or Contra Costa AOR",41015791,N,Y,37.6948932,-122.121176
